[{"id":"1","title":"Madonna","poster":"http:\/\/trendico.ru\/upload\/music\/1355154119.jpg","active":"1","rating":"58"},{"id":"2","title":"PINK FLOYD","poster":"http:\/\/trendico.ru\/upload\/music\/1354207618.jpg","active":"1","rating":"82"},{"id":"3","title":"Rihanna","poster":"http:\/\/trendico.ru\/upload\/music\/1355158591.jpg","active":"1","rating":"328"},{"id":"4","title":"Bruno Mars","poster":"http:\/\/trendico.ru\/upload\/music\/1355163356.jpg","active":"1","rating":"368"},{"id":"5","title":"Maroon 5","poster":"http:\/\/trendico.ru\/upload\/music\/1355167244.jpg","active":"1","rating":"180"},{"id":"6","title":"Britney Spears","poster":"http:\/\/trendico.ru\/upload\/music\/1355173513.jpg","active":"1","rating":"136"},{"id":"7","title":"PSY","poster":"http:\/\/trendico.ru\/upload\/music\/1355179006.jpg","active":"1","rating":"680"},{"id":"8","title":"Pink","poster":"http:\/\/trendico.ru\/upload\/music\/1355179826.jpg","active":"1","rating":"123"},{"id":"9","title":"Jennifer Lopez","poster":"http:\/\/trendico.ru\/upload\/music\/1355183206.jpg","active":"1","rating":"107"},{"id":"10","title":"Justin Timberlake","poster":"http:\/\/trendico.ru\/upload\/music\/1355230416.jpg","active":"1","rating":"205"},{"id":"11","title":"Selena Gomez","poster":"http:\/\/trendico.ru\/upload\/music\/1355231418.jpg","active":"1","rating":"129"},{"id":"12","title":"Flo Rida","poster":"http:\/\/trendico.ru\/upload\/music\/1355270297.jpg","active":"1","rating":"111"},{"id":"13","title":"Katy Perry","poster":"http:\/\/trendico.ru\/upload\/music\/1355338306.jpg","active":"1","rating":"597"},{"id":"14","title":"Amy Winehouse","poster":"http:\/\/trendico.ru\/upload\/music\/1355339591.jpg","active":"1","rating":"74"},{"id":"15","title":"Lady Gaga","poster":"http:\/\/trendico.ru\/upload\/music\/1355340272.jpg","active":"1","rating":"90"},{"id":"16","title":"Beyonce","poster":"http:\/\/trendico.ru\/upload\/music\/1355341415.jpg","active":"1","rating":"174"},{"id":"17","title":"Nicki Minaj","poster":"http:\/\/trendico.ru\/upload\/music\/1355345124.jpg","active":"1","rating":"474"},{"id":"18","title":"Kelly Clarkson","poster":"http:\/\/trendico.ru\/upload\/music\/1355346620.jpg","active":"1","rating":"60"},{"id":"19","title":"Ne-Yo","poster":"http:\/\/trendico.ru\/upload\/music\/1355348145.jpg","active":"1","rating":"88"},{"id":"20","title":"Alicia Keys","poster":"http:\/\/trendico.ru\/upload\/music\/1355350102.jpg","active":"1","rating":"104"},{"id":"21","title":"Justin Bieber","poster":"http:\/\/trendico.ru\/upload\/music\/1355351786.jpg","active":"1","rating":"230"},{"id":"22","title":"Eminem","poster":"http:\/\/trendico.ru\/upload\/music\/1355353266.jpg","active":"1","rating":"522"},{"id":"23","title":"One Direction","poster":"http:\/\/trendico.ru\/upload\/music\/1355355077.jpg","active":"1","rating":"151"},{"id":"24","title":"Hurts","poster":"http:\/\/trendico.ru\/upload\/music\/1355687574.jpg","active":"1","rating":"27"},{"id":"25","title":"Michael Jackson","poster":"http:\/\/trendico.ru\/upload\/music\/1355688714.jpg","active":"1","rating":"392"},{"id":"26","title":"Whitney Houston","poster":"http:\/\/trendico.ru\/upload\/music\/1355693177.jpg","active":"1","rating":"85"},{"id":"27","title":"Christina Aguilera","poster":"http:\/\/trendico.ru\/upload\/music\/1355695664.jpg","active":"1","rating":"126"},{"id":"28","title":"Mariah Carey","poster":"http:\/\/trendico.ru\/upload\/music\/1355695735.jpg","active":"1","rating":"117"},{"id":"29","title":"Avril Lavigne","poster":"http:\/\/trendico.ru\/upload\/music\/1355695815.jpg","active":"1","rating":"117"},{"id":"30","title":"Nelly Furtado","poster":"http:\/\/trendico.ru\/upload\/music\/1355695945.jpg","active":"1","rating":"69"},{"id":"31","title":"Evanescence","poster":"http:\/\/trendico.ru\/upload\/music\/1355696109.jpg","active":"1","rating":"103"},{"id":"32","title":"No Doubt","poster":"http:\/\/trendico.ru\/upload\/music\/1355696233.jpg","active":"1","rating":"57"},{"id":"33","title":"The Black Eyed Peas","poster":"http:\/\/trendico.ru\/upload\/music\/1355696333.jpg","active":"1","rating":"88"},{"id":"34","title":"Will.i.am","poster":"http:\/\/trendico.ru\/upload\/music\/1355772972.jpg","active":"1","rating":"97"},{"id":"35","title":"Fergie","poster":"http:\/\/trendico.ru\/upload\/music\/1355773049.jpg","active":"1","rating":"75"},{"id":"36","title":"Taylor Swift","poster":"http:\/\/trendico.ru\/upload\/music\/1355773208.jpg","active":"1","rating":"201"},{"id":"37","title":"Adam Lambert","poster":"http:\/\/trendico.ru\/upload\/music\/1355773390.jpg","active":"1","rating":"50"},{"id":"38","title":"Miley Cyrus","poster":"http:\/\/trendico.ru\/upload\/music\/1355776855.jpg","active":"1","rating":"1160"},{"id":"39","title":"Usher","poster":"http:\/\/trendico.ru\/upload\/music\/1355871004.jpg","active":"1","rating":"151"},{"id":"40","title":"Nicole Scherzinger","poster":"http:\/\/trendico.ru\/upload\/music\/1355871079.jpg","active":"1","rating":"307"},{"id":"41","title":"Kanye West","poster":"http:\/\/trendico.ru\/upload\/music\/1355925140.jpg","active":"1","rating":"205"},{"id":"42","title":"Shakira","poster":"http:\/\/trendico.ru\/upload\/music\/1355925214.jpg","active":"1","rating":"240"},{"id":"43","title":"Enrique Iglesias","poster":"http:\/\/trendico.ru\/upload\/music\/1355925335.jpg","active":"1","rating":"92"},{"id":"44","title":"Jay-Z","poster":"http:\/\/trendico.ru\/upload\/music\/1355925475.jpg","active":"1","rating":"218"},{"id":"45","title":"Timbaland","poster":"http:\/\/trendico.ru\/upload\/music\/1355925576.jpg","active":"1","rating":"57"},{"id":"46","title":"Linkin Park","poster":"http:\/\/trendico.ru\/upload\/music\/1355925676.jpg","active":"0","rating":"0"},{"id":"47","title":"Take That","poster":"http:\/\/trendico.ru\/upload\/music\/1355925788.jpg","active":"0","rating":"0"},{"id":"48","title":"Green Day","poster":"http:\/\/trendico.ru\/upload\/music\/1355925866.jpg","active":"0","rating":"0"},{"id":"49","title":"Robbie Williams","poster":"http:\/\/trendico.ru\/upload\/music\/1355925919.jpg","active":"0","rating":"0"},{"id":"50","title":"50 Cent","poster":"http:\/\/trendico.ru\/upload\/music\/1355925966.jpg","active":"0","rating":"0"},{"id":"51","title":"Backstreet Boys","poster":"http:\/\/trendico.ru\/upload\/music\/1355927227.jpg","active":"0","rating":"0"},{"id":"52","title":"The lumineers","poster":"http:\/\/trendico.ru\/upload\/music\/1359661667.jpg","active":"1","rating":"38"},{"id":"53","title":"Imagine Dragons","poster":"http:\/\/trendico.ru\/upload\/music\/1364155993.jpg","active":"1","rating":"174"},{"id":"54","title":"Of Monsters and Men","poster":"http:\/\/trendico.ru\/upload\/music\/1364156786.jpg","active":"1","rating":"52"},{"id":"55","title":"M83","poster":"http:\/\/trendico.ru\/upload\/music\/1364157640.jpg","active":"1","rating":"42"},{"id":"56","title":"Gotye","poster":"http:\/\/trendico.ru\/upload\/music\/1364158582.jpg","active":"1","rating":"52"},{"id":"57","title":"Mac Miller","poster":"http:\/\/trendico.ru\/upload\/music\/1364817231.jpg","active":"1","rating":"114"}]