[{"date":"2013-11-09","id":3156,"text":"- Added new movie."},{"date":"2013-11-09","id":3155,"text":"- Added new movie."},{"date":"2013-11-09","id":3154,"text":"- Added new movie."},{"date":"2013-11-09","id":3153,"text":"- Added new movie."},{"date":"2013-11-08","id":3152,"text":"- Added new movie."},{"date":"2013-11-08","id":3151,"text":"- Added new movie."},{"date":"2013-11-08","id":3150,"text":"- Added new movie."},{"date":"2013-11-08","id":2946,"text":"- Updated \"En\"-version of movie"},{"date":"2013-11-08","id":3113,"text":"- Updated \"En\"-version of movie"},{"date":"2013-11-08","id":3080,"text":"- Updated \"En\"-version of movie"},{"date":"2013-11-08","id":3149,"text":"- Added new movie."},{"date":"2013-11-08","id":3148,"text":"- Added new movie."},{"date":"2013-11-08","id":2821,"text":"- Updated \"En\"-version of movie"},{"date":"2013-11-08","id":1418,"text":"- Updated \"En\"-version of movie"},{"date":"2013-11-08","id":3147,"text":"- Added new movie."},{"date":"2013-11-08","id":3146,"text":"- Added new movie."},{"date":"2013-11-08","id":3145,"text":"- Added new movie."},{"date":"2013-11-08","id":3144,"text":"- Added new movie."},{"date":"2013-11-08","id":2145,"text":"- Updated \"En\"-version of movie"},{"date":"2013-11-08","id":3143,"text":"- Added new movie."},{"date":"2013-11-08","id":3142,"text":"- Added new movie."},{"date":"2013-11-08","id":3141,"text":"- Added new movie."},{"date":"2013-11-08","id":1930,"text":"- Updated \"En\"-version of movie"},{"date":"2013-11-08","id":3025,"text":"- Updated \"En\"-version of movie"},{"date":"2013-11-08","id":3140,"text":"- Added new movie."},{"date":"2013-11-08","id":3139,"text":"- Added new movie."},{"date":"2013-11-08","id":2968,"text":"- Updated \"En\"-version of movie"},{"date":"2013-11-08","id":3138,"text":"- Added new movie."},{"date":"2013-11-07","id":3137,"text":"- Added new movie."},{"date":"2013-11-07","id":3136,"text":"- Added new movie."},{"date":"2013-11-07","id":3135,"text":"- Added new movie."},{"date":"2013-11-07","id":3134,"text":"- Added new movie."},{"date":"2013-11-07","id":3133,"text":"- Added new movie."},{"date":"2013-11-07","id":3113,"text":"- Updated \"En\"-version of movie"},{"date":"2013-11-07","id":3132,"text":"- Added new movie."},{"date":"2013-11-07","id":3131,"text":"- Added new movie."},{"date":"2013-11-07","id":3130,"text":"- Added new movie."},{"date":"2013-11-07","id":3129,"text":"- Added new movie."},{"date":"2013-11-07","id":3080,"text":"- Updated \"En\"-version of movie"},{"date":"2013-11-04","id":3128,"text":"- Added new movie."}]