[{"date":"2013-11-09","id":204,"text":"- New episodes"},{"date":"2013-11-09","id":448,"text":"- New episodes"},{"date":"2013-11-09","id":125,"text":"- New episodes"},{"date":"2013-11-09","id":461,"text":"- New episodes"},{"date":"2013-11-09","id":115,"text":"- New episodes"},{"date":"2013-11-09","id":296,"text":"- New episodes"},{"date":"2013-11-09","id":172,"text":"- New episodes"},{"date":"2013-11-09","id":140,"text":"- New episodes"},{"date":"2013-11-09","id":46,"text":"- New episodes"},{"date":"2013-11-09","id":72,"text":"- New episodes"},{"date":"2013-11-09","id":258,"text":"- New episodes"},{"date":"2013-11-09","id":271,"text":"- New episodes"},{"date":"2013-11-08","id":225,"text":"- New episodes"},{"date":"2013-11-08","id":453,"text":"- New episodes"},{"date":"2013-11-08","id":444,"text":"- New episodes"},{"date":"2013-11-08","id":2,"text":"- New episodes"},{"date":"2013-11-08","id":100,"text":"- New episodes"},{"date":"2013-11-08","id":452,"text":"- New episodes"},{"date":"2013-11-08","id":58,"text":"- New episodes"},{"date":"2013-11-08","id":123,"text":"- New episodes"},{"date":"2013-11-08","id":111,"text":"- New episodes"},{"date":"2013-11-08","id":230,"text":"- New episodes"},{"date":"2013-11-08","id":54,"text":"- New episodes"},{"date":"2013-11-08","id":59,"text":"- New episodes"},{"date":"2013-11-08","id":36,"text":"- New episodes"},{"date":"2013-11-08","id":445,"text":"- New episodes"},{"date":"2013-11-08","id":457,"text":"- New episodes"},{"date":"2013-11-08","id":52,"text":"- New episodes"},{"date":"2013-11-08","id":62,"text":"- New episodes"},{"date":"2013-11-07","id":71,"text":"- New episodes"},{"date":"2013-11-07","id":451,"text":"- New episodes"},{"date":"2013-11-07","id":253,"text":"- New episodes"},{"date":"2013-11-07","id":107,"text":"- New episodes"},{"date":"2013-11-07","id":9,"text":"- New episodes"},{"date":"2013-11-07","id":198,"text":"- New episodes"},{"date":"2013-11-07","id":228,"text":"- New episodes"},{"date":"2013-11-07","id":163,"text":"- New episodes"},{"date":"2013-11-07","id":164,"text":"- New episodes"},{"date":"2013-11-07","id":154,"text":"- New episodes"},{"date":"2013-11-07","id":56,"text":"- New episodes"},{"date":"2013-11-07","id":295,"text":"- New episodes"},{"date":"2013-11-06","id":460,"text":"- New episodes"},{"date":"2013-11-06","id":77,"text":"- New episodes"},{"date":"2013-11-06","id":116,"text":"- New episodes"},{"date":"2013-11-06","id":268,"text":"- New episodes"},{"date":"2013-11-06","id":293,"text":"- New episodes"},{"date":"2013-11-06","id":465,"text":"- New episodes"},{"date":"2013-11-06","id":463,"text":"- New episodes"},{"date":"2013-11-06","id":207,"text":"- New episodes"},{"date":"2013-11-06","id":101,"text":"- New episodes"},{"date":"2013-11-06","id":128,"text":"- New episodes"},{"date":"2013-11-06","id":103,"text":"- New episodes"},{"date":"2013-11-06","id":442,"text":"- New episodes"},{"date":"2013-11-06","id":462,"text":"- New episodes"},{"date":"2013-11-06","id":15,"text":"- New episodes"},{"date":"2013-11-06","id":88,"text":"- New episodes"},{"date":"2013-11-06","id":377,"text":"- New episodes"},{"date":"2013-11-06","id":397,"text":"- New episodes"},{"date":"2013-11-06","id":432,"text":"- New episodes"},{"date":"2013-11-06","id":438,"text":"- New episodes"},{"date":"2013-11-06","id":424,"text":"- New episodes"},{"date":"2013-11-05","id":279,"text":"- New episodes"},{"date":"2013-11-05","id":306,"text":"- New episodes"},{"date":"2013-11-05","id":422,"text":"- New episodes"},{"date":"2013-11-05","id":440,"text":"- New episodes"},{"date":"2013-11-05","id":180,"text":"- New episodes"},{"date":"2013-11-05","id":431,"text":"- New episodes"},{"date":"2013-11-05","id":14,"text":"- New episodes"},{"date":"2013-11-05","id":430,"text":"- New episodes"},{"date":"2013-11-05","id":16,"text":"- New episodes"},{"date":"2013-11-05","id":153,"text":"- New episodes"},{"date":"2013-11-05","id":91,"text":"- New episodes"},{"date":"2013-11-05","id":223,"text":"- New episodes"},{"date":"2013-11-04","id":419,"text":"- New episodes"},{"date":"2013-11-04","id":429,"text":"- New episodes"},{"date":"2013-11-04","id":449,"text":"- New episodes"},{"date":"2013-11-04","id":76,"text":"- New episodes"},{"date":"2013-11-04","id":129,"text":"- New episodes"},{"date":"2013-11-04","id":338,"text":"- New episodes"},{"date":"2013-11-04","id":149,"text":"- New episodes"},{"date":"2013-11-04","id":74,"text":"- New episodes"},{"date":"2013-11-04","id":118,"text":"- New episodes"},{"date":"2013-11-04","id":450,"text":"- New episodes"},{"date":"2013-11-04","id":61,"text":"- New episodes"},{"date":"2013-11-04","id":352,"text":"- New episodes"},{"date":"2013-11-04","id":51,"text":"- New episodes"},{"date":"2013-11-04","id":337,"text":"- New episodes"},{"date":"2013-11-04","id":6,"text":"- New episodes"},{"date":"2013-11-04","id":212,"text":"- New episodes"},{"date":"2013-11-04","id":29,"text":"- New episodes"},{"date":"2013-11-04","id":421,"text":"- New episodes"},{"date":"2013-11-04","id":283,"text":"- New episodes"},{"date":"2013-11-04","id":48,"text":"- New episodes"},{"date":"2013-11-04","id":156,"text":"- New episodes"},{"date":"2013-11-03","id":436,"text":"- New episodes"},{"date":"2013-11-03","id":366,"text":"- New episodes"},{"date":"2013-11-03","id":290,"text":"- New episodes"},{"date":"2013-11-03","id":401,"text":"- New episodes"},{"date":"2013-11-03","id":204,"text":"- New episodes"},{"date":"2013-11-02","id":465,"text":"- New episodes\n- Added new TV-show."},{"date":"2013-11-02","id":464,"text":"- New episodes\n- Added new TV-show."},{"date":"2013-11-02","id":448,"text":"- New episodes"},{"date":"2013-11-02","id":115,"text":"- New episodes"},{"date":"2013-11-02","id":271,"text":"- New episodes"},{"date":"2013-11-02","id":77,"text":"- New episodes"},{"date":"2013-11-02","id":296,"text":"- New episodes"},{"date":"2013-11-02","id":172,"text":"- New episodes"},{"date":"2013-11-02","id":140,"text":"- New episodes"},{"date":"2013-11-02","id":46,"text":"- New episodes"},{"date":"2013-11-02","id":461,"text":"- New episodes"},{"date":"2013-11-02","id":72,"text":"- New episodes"},{"date":"2013-11-02","id":258,"text":"- New episodes"}]