[{"id":"1","title":"Dexter","poster":"http:\/\/trendico.ru\/upload\/moviebox\/1351249574.jpg","active":"1","cats":"6#8#19","rating":"2339","seasons":"8"},{"id":"2","title":"The Big Bang Theory ","poster":"http:\/\/trendico.ru\/upload\/moviebox\/1336298258.jpg","active":"1","cats":"5","rating":"11788","seasons":"7"},{"id":"3","title":"Lilyhammer","poster":"http:\/\/trendico.ru\/upload\/moviebox\/1343828443.jpg","active":"1","cats":"6#8","rating":"23","seasons":"1"},{"id":"4","title":"Band Of Brothers","poster":"http:\/\/trendico.ru\/upload\/moviebox\/1336309861.jpg","active":"1","cats":"1#2#8#12","rating":"84","seasons":"1"},{"id":"5","title":"Sherlock","poster":"http:\/\/trendico.ru\/upload\/moviebox\/1336311285.jpg","active":"1","cats":"6#8","rating":"182","seasons":"2"},{"id":"6","title":"Boardwalk Empire","poster":"http:\/\/trendico.ru\/upload\/moviebox\/1382902258.jpg","active":"1","cats":"6#8","rating":"2823","seasons":"4"},{"id":"7","title":"The Pacific","poster":"http:\/\/trendico.ru\/upload\/moviebox\/1336313258.jpg","active":"1","cats":"1#2#8#12","rating":"83","seasons":"1"},{"id":"8","title":"Firefly","poster":"http:\/\/trendico.ru\/upload\/moviebox\/1336314536.jpg","active":"1","cats":"2#8#17","rating":"22","seasons":"1"},{"id":"9","title":"Misfits","poster":"http:\/\/trendico.ru\/upload\/moviebox\/1344341617.jpg","active":"1","cats":"5#8#10","rating":"1575","seasons":"5"},{"id":"10","title":"Californication","poster":"http:\/\/trendico.ru\/upload\/moviebox\/1336319196.jpg","active":"1","cats":"5#8","rating":"346","seasons":"6"},{"id":"11","title":"The Wire","poster":"http:\/\/trendico.ru\/upload\/moviebox\/1343828369.jpg","active":"1","cats":"6#8#15","rating":"583","seasons":"5"},{"id":"12","title":"Breaking Bad","poster":"http:\/\/trendico.ru\/upload\/moviebox\/1346846891.jpg","active":"1","cats":"6#8#19","rating":"11395","seasons":"5"},{"id":"13","title":"Queer as Folk","poster":"http:\/\/trendico.ru\/upload\/moviebox\/1336330154.jpg","active":"1","cats":"8","rating":"84","seasons":"5"},{"id":"14","title":"How I Met Your Mother","poster":"http:\/\/trendico.ru\/upload\/moviebox\/1344976560.jpg","active":"1","cats":"5#16","rating":"11198","seasons":"9"},{"id":"15","title":"Person of Interest","poster":"http:\/\/trendico.ru\/upload\/moviebox\/1336383246.jpg","active":"1","cats":"8#19","rating":"2264","seasons":"3"},{"id":"16","title":"Hart of Dixie","poster":"http:\/\/trendico.ru\/upload\/moviebox\/1336387290.jpg","active":"1","cats":"5#8","rating":"1438","seasons":"3"},{"id":"17","title":"The River","poster":"http:\/\/trendico.ru\/upload\/moviebox\/1336397771.jpg","active":"1","cats":"1#2#13","rating":"13","seasons":"1"},{"id":"18","title":"Luck","poster":"http:\/\/trendico.ru\/upload\/moviebox\/1336398347.jpg","active":"1","cats":"8#18","rating":"7","seasons":"1"},{"id":"19","title":"Awake","poster":"http:\/\/trendico.ru\/upload\/moviebox\/1336399097.jpg","active":"1","cats":"6#8#19","rating":"9","seasons":"1"},{"id":"20","title":"Magic City","poster":"http:\/\/trendico.ru\/upload\/moviebox\/1336400111.jpg","active":"1","cats":"6#8#15","rating":"49","seasons":"2"},{"id":"21","title":"Mad Men","poster":"http:\/\/trendico.ru\/upload\/moviebox\/1336400802.jpg","active":"1","cats":"8","rating":"208","seasons":"6"},{"id":"22","title":"Alcatraz","poster":"http:\/\/trendico.ru\/upload\/moviebox\/1363000688.jpg","active":"1","cats":"1#8#15","rating":"64","seasons":"1"},{"id":"23","title":"Game of Thrones","poster":"http:\/\/trendico.ru\/upload\/moviebox\/1336407868.jpg","active":"1","cats":"2#8#10#15","rating":"1717","seasons":"3"},{"id":"25","title":"True Blood","poster":"http:\/\/trendico.ru\/upload\/moviebox\/1336410007.jpg","active":"1","cats":"8#10#13#15#16","rating":"1103","seasons":"6"},{"id":"29","title":"The Walking Dead","poster":"http:\/\/trendico.ru\/upload\/moviebox\/1336478859.jpg","active":"1","cats":"8#13#19","rating":"23312","seasons":"4"},{"id":"32","title":"--test--","poster":"http:\/\/trendico.ru\/upload\/moviebox\/1340917574.jpg","active":"0","cats":"5#11","rating":"0","seasons":"1"},{"id":"33","title":"Sex and the City","poster":"http:\/\/trendico.ru\/upload\/moviebox\/1345658379.jpg","active":"1","cats":"5#16","rating":"567","seasons":"6"},{"id":"34","title":"Lost","poster":"http:\/\/trendico.ru\/upload\/moviebox\/1343828476.jpg","active":"1","cats":"2#8#10","rating":"707","seasons":"6"},{"id":"35","title":"House M.D.","poster":"http:\/\/trendico.ru\/upload\/moviebox\/1343828396.jpg","active":"1","cats":"8","rating":"894","seasons":"8"},{"id":"36","title":"The Vampire Diaries","poster":"http:\/\/trendico.ru\/upload\/moviebox\/1344343653.jpg","active":"1","cats":"8#10#13","rating":"7295","seasons":"5"},{"id":"37","title":"Weeds","poster":"http:\/\/trendico.ru\/upload\/moviebox\/1344344624.jpg","active":"1","cats":"5#6#8","rating":"373","seasons":"8"},{"id":"38","title":"Friends","poster":"http:\/\/trendico.ru\/upload\/moviebox\/1344352817.jpg","active":"1","cats":"5#16","rating":"2857","seasons":"10"},{"id":"39","title":"Bored to Death","poster":"http:\/\/trendico.ru\/upload\/moviebox\/1344535802.jpg","active":"1","cats":"5#6#15","rating":"11","seasons":"3"},{"id":"40","title":"Suits","poster":"http:\/\/trendico.ru\/upload\/moviebox\/1344601076.jpg","active":"1","cats":"5#8","rating":"1000","seasons":"3"},{"id":"41","title":"Spartacus: Blood and Sand (Vengeance)","poster":"http:\/\/trendico.ru\/upload\/moviebox\/1360263170.jpg","active":"1","cats":"1#2#4#8","rating":"550","seasons":"3"},{"id":"42","title":"Wilfred","poster":"http:\/\/trendico.ru\/upload\/moviebox\/1344611830.jpg","active":"1","cats":"5","rating":"162","seasons":"3"},{"id":"43","title":"Lie to Me","poster":"http:\/\/trendico.ru\/upload\/moviebox\/1344613289.jpg","active":"1","cats":"6#8#15","rating":"181","seasons":"3"},{"id":"44","title":"The Office","poster":"http:\/\/trendico.ru\/upload\/moviebox\/1344961513.jpg","active":"1","cats":"5#16","rating":"685","seasons":"9"},{"id":"45","title":"Missing","poster":"http:\/\/trendico.ru\/upload\/moviebox\/1344976677.jpg","active":"1","cats":"1#8#19","rating":"9","seasons":"1"},{"id":"46","title":"Grimm ","poster":"http:\/\/trendico.ru\/upload\/moviebox\/1345057559.jpg","active":"1","cats":"8#10#13","rating":"2019","seasons":"3"},{"id":"47","title":"Girls","poster":"http:\/\/trendico.ru\/upload\/moviebox\/1345058080.jpg","active":"1","cats":"5","rating":"144","seasons":"2"},{"id":"48","title":"Downton Abbey","poster":"http:\/\/trendico.ru\/upload\/moviebox\/1345161284.jpg","active":"1","cats":"8","rating":"1293","seasons":"4"},{"id":"49","title":"Episodes","poster":"http:\/\/trendico.ru\/upload\/moviebox\/1345161645.jpg","active":"1","cats":"5","rating":"19","seasons":"2"},{"id":"50","title":"The Secret Circle","poster":"http:\/\/trendico.ru\/upload\/moviebox\/1345204202.jpg","active":"1","cats":"8#10#13","rating":"126","seasons":"1"},{"id":"51","title":"Castle","poster":"http:\/\/trendico.ru\/upload\/moviebox\/1345226457.jpg","active":"1","cats":"5#6#8","rating":"1486","seasons":"6"},{"id":"52","title":"Glee","poster":"http:\/\/trendico.ru\/upload\/moviebox\/1345232566.jpg","active":"1","cats":"5#8#14","rating":"1824","seasons":"5"},{"id":"53","title":"The New Adventures Of Winnie The Pooh","poster":"http:\/\/trendico.ru\/upload\/moviebox\/1345248357.jpg","active":"0","cats":"2#3#5#9","rating":"0","seasons":"1"},{"id":"54","title":"White Collar","poster":"http:\/\/trendico.ru\/upload\/moviebox\/1345409349.jpg","active":"1","cats":"5#6#8","rating":"2259","seasons":"5"},{"id":"55","title":"Gossip Girl","poster":"http:\/\/trendico.ru\/upload\/moviebox\/1345452193.jpg","active":"1","cats":"8#16","rating":"1051","seasons":"6"},{"id":"56","title":"South Park","poster":"http:\/\/trendico.ru\/upload\/moviebox\/1367961744.jpg","active":"1","cats":"3#5","rating":"10815","seasons":"17"},{"id":"57","title":"Twin Peaks","poster":"http:\/\/trendico.ru\/upload\/moviebox\/1345463167.jpg","active":"1","cats":"6#8#15","rating":"28","seasons":"2"},{"id":"58","title":"Grey's Anatomy","poster":"http:\/\/trendico.ru\/upload\/moviebox\/1345468073.jpg","active":"1","cats":"8#16","rating":"4164","seasons":"10"},{"id":"59","title":"Two and a Half Men","poster":"http:\/\/trendico.ru\/upload\/moviebox\/1345496907.jpg","active":"1","cats":"5","rating":"4342","seasons":"11"},{"id":"60","title":"Portlandia","poster":"http:\/\/trendico.ru\/upload\/moviebox\/1345579153.jpg","active":"1","cats":"5","rating":"14","seasons":"3"},{"id":"61","title":"Family Guy","poster":"http:\/\/trendico.ru\/upload\/moviebox\/1345580102.jpg","active":"1","cats":"3#5","rating":"13401","seasons":"12"},{"id":"62","title":"Anger Management","poster":"http:\/\/trendico.ru\/upload\/moviebox\/1345585190.jpg","active":"1","cats":"5","rating":"1493","seasons":"2"},{"id":"63","title":"Desperate Housewives","poster":"http:\/\/trendico.ru\/upload\/moviebox\/1345636014.jpg","active":"1","cats":"5#8#16","rating":"395","seasons":"8"},{"id":"64","title":"Fringe","poster":"http:\/\/trendico.ru\/upload\/moviebox\/1345661456.jpg","active":"1","cats":"8#15#17","rating":"228","seasons":"5"},{"id":"65","title":"Touch","poster":"http:\/\/trendico.ru\/upload\/moviebox\/1345666407.jpg","active":"1","cats":"8#15","rating":"72","seasons":"2"},{"id":"66","title":"-","poster":"http:\/\/trendico.ru\/upload\/moviebox\/1345712956.jpg","active":"0","cats":"3#5#17","rating":"0","seasons":"8"},{"id":"67","title":"Futurama","poster":"http:\/\/trendico.ru\/upload\/moviebox\/1345885378.jpg","active":"1","cats":"3#5#17","rating":"1039","seasons":"7"},{"id":"68","title":"Dead Set","poster":"http:\/\/trendico.ru\/upload\/moviebox\/1345897041.jpg","active":"1","cats":"8#13","rating":"15","seasons":"1"},{"id":"69","title":"Robot Chicken","poster":"http:\/\/trendico.ru\/upload\/moviebox\/1345897271.jpg","active":"1","cats":"3#5","rating":"321","seasons":"6"},{"id":"70","title":"Reaper","poster":"http:\/\/trendico.ru\/upload\/moviebox\/1345900642.jpg","active":"1","cats":"2#5#8#13#15","rating":"21","seasons":"2"},{"id":"71","title":"American Horror Story","poster":"http:\/\/trendico.ru\/upload\/moviebox\/1381605601.jpg","active":"1","cats":"8#13#15","rating":"6308","seasons":"3"},{"id":"72","title":"Blue Bloods","poster":"http:\/\/trendico.ru\/upload\/moviebox\/1345971744.jpg","active":"1","cats":"6#8","rating":"608","seasons":"4"},{"id":"73","title":"Falling Skies","poster":"http:\/\/trendico.ru\/upload\/moviebox\/1345975630.jpg","active":"1","cats":"1#17#19","rating":"254","seasons":"3"},{"id":"74","title":"Once Upon a Time","poster":"http:\/\/trendico.ru\/upload\/moviebox\/1345977514.jpg","active":"1","cats":"2#8#10","rating":"3166","seasons":"3"},{"id":"75","title":"Chuck","poster":"http:\/\/trendico.ru\/upload\/moviebox\/1345986390.jpg","active":"1","cats":"1#5#8","rating":"251","seasons":"5"},{"id":"76","title":"The Simpsons","poster":"http:\/\/trendico.ru\/upload\/moviebox\/1346011960.jpg","active":"1","cats":"3#5#9","rating":"9861","seasons":"25"},{"id":"77","title":"Supernatural","poster":"http:\/\/trendico.ru\/upload\/moviebox\/1346014607.jpg","active":"1","cats":"8#10#13","rating":"5697","seasons":"9"},{"id":"78","title":"The Cleveland Show","poster":"http:\/\/trendico.ru\/upload\/moviebox\/1346019089.jpg","active":"1","cats":"3#5","rating":"680","seasons":"4"},{"id":"79","title":"Prison Break","poster":"http:\/\/trendico.ru\/upload\/moviebox\/1346064372.jpg","active":"1","cats":"1#6#8","rating":"829","seasons":"4"},{"id":"80","title":"The Sopranos","poster":"http:\/\/trendico.ru\/upload\/moviebox\/1346100683.jpg","active":"1","cats":"6#8","rating":"688","seasons":"6"},{"id":"81","title":"Top Gear","poster":"http:\/\/trendico.ru\/upload\/moviebox\/1346250737.jpg","active":"1","cats":"5","rating":"1030","seasons":"20"},{"id":"82","title":"The Newsroom","poster":"http:\/\/trendico.ru\/upload\/moviebox\/1346317246.jpg","active":"1","cats":"8","rating":"101","seasons":"2"},{"id":"83","title":"Jamie Oliver. Extra Videos","poster":"http:\/\/trendico.ru\/upload\/moviebox\/1346590552.jpg","active":"1","cats":"","rating":"18","seasons":"1"},{"id":"84","title":"Heroes","poster":"http:\/\/trendico.ru\/upload\/moviebox\/1346431349.jpg","active":"1","cats":"8#17#19","rating":"366","seasons":"4"},{"id":"85","title":"Jamie's 30 Minute Meals","poster":"http:\/\/trendico.ru\/upload\/moviebox\/1346586685.jpg","active":"1","cats":"7","rating":"65","seasons":"1"},{"id":"86","title":"Jamie at Home","poster":"http:\/\/trendico.ru\/upload\/moviebox\/1346607294.jpg","active":"1","cats":"7","rating":"43","seasons":"2"},{"id":"87","title":"The Tudors","poster":"http:\/\/trendico.ru\/upload\/moviebox\/1346616333.jpg","active":"1","cats":"8#12#16","rating":"272","seasons":"4"},{"id":"88","title":"New Girl","poster":"http:\/\/trendico.ru\/upload\/moviebox\/1346618132.jpg","active":"1","cats":"5","rating":"3347","seasons":"3"},{"id":"89","title":"Torchwood","poster":"http:\/\/trendico.ru\/upload\/moviebox\/1346619346.jpg","active":"1","cats":"8#17","rating":"42","seasons":"4"},{"id":"90","title":"Food Revolution","poster":"http:\/\/trendico.ru\/upload\/moviebox\/1346623690.jpg","active":"1","cats":"7","rating":"26","seasons":"2"},{"id":"91","title":"2 Broke Girls","poster":"http:\/\/trendico.ru\/upload\/moviebox\/1346785002.jpg","active":"1","cats":"5","rating":"3765","seasons":"3"},{"id":"92","title":"Aqua Teen Hunger Force","poster":"http:\/\/trendico.ru\/upload\/moviebox\/1346872398.jpg","active":"1","cats":"3#5","rating":"154","seasons":"10"},{"id":"93","title":"Pretty Little Liars","poster":"http:\/\/trendico.ru\/upload\/moviebox\/1347038849.jpg","active":"1","cats":"8#15#19","rating":"1761","seasons":"4"},{"id":"94","title":"Continuum","poster":"http:\/\/trendico.ru\/upload\/moviebox\/1347130816.jpg","active":"1","cats":"17#19","rating":"92","seasons":"2"},{"id":"95","title":"Late Show with David Letterman","poster":"http:\/\/trendico.ru\/upload\/moviebox\/1347138590.jpg","active":"1","cats":"5","rating":"22","seasons":"1"},{"id":"96","title":"Smallville","poster":"http:\/\/trendico.ru\/upload\/moviebox\/1347312678.jpg","active":"1","cats":"8#16#17","rating":"1843","seasons":"10"},{"id":"97","title":"Men at Work","poster":"http:\/\/trendico.ru\/upload\/moviebox\/1347387424.jpg","active":"1","cats":"5#8","rating":"58","seasons":"2"},{"id":"98","title":"Veep","poster":"http:\/\/trendico.ru\/upload\/moviebox\/1347389436.jpg","active":"1","cats":"5","rating":"38","seasons":"2"},{"id":"99","title":"Body of Proof","poster":"http:\/\/trendico.ru\/upload\/moviebox\/1347390160.jpg","active":"1","cats":"6#8","rating":"80","seasons":"3"},{"id":"100","title":"Scandal","poster":"http:\/\/trendico.ru\/upload\/moviebox\/1347391190.jpg","active":"1","cats":"8","rating":"3515","seasons":"3"},{"id":"101","title":"Sons of Anarchy","poster":"http:\/\/trendico.ru\/upload\/moviebox\/1347454801.jpg","active":"1","cats":"6#8","rating":"7188","seasons":"6"},{"id":"102","title":"Hell on Wheels","poster":"http:\/\/trendico.ru\/upload\/moviebox\/1347444106.jpg","active":"1","cats":"1#8","rating":"162","seasons":"3"},{"id":"103","title":"Awkward","poster":"http:\/\/trendico.ru\/upload\/moviebox\/1347477710.jpg","active":"1","cats":"5#8","rating":"3061","seasons":"3"},{"id":"104","title":"Battlestar Galactica","poster":"http:\/\/trendico.ru\/upload\/moviebox\/1347526771.jpg","active":"1","cats":"1#2#8","rating":"37","seasons":"4"},{"id":"105","title":"Curb Your Enthusiasm","poster":"http:\/\/trendico.ru\/upload\/moviebox\/1347629661.jpg","active":"1","cats":"5","rating":"130","seasons":"8"},{"id":"106","title":"Babylon 5","poster":"http:\/\/trendico.ru\/upload\/moviebox\/1347996561.jpg","active":"1","cats":"1#8#17","rating":"37","seasons":"5"},{"id":"107","title":"Revolution","poster":"http:\/\/trendico.ru\/upload\/moviebox\/1348000218.jpg","active":"1","cats":"17","rating":"3718","seasons":"2"},{"id":"108","title":"Black Mirror","poster":"http:\/\/trendico.ru\/upload\/moviebox\/1348001341.jpg","active":"1","cats":"8#17#19","rating":"32","seasons":"2"},{"id":"109","title":"Boss","poster":"http:\/\/trendico.ru\/upload\/moviebox\/1348056065.jpg","active":"1","cats":"6#8","rating":"30","seasons":"2"},{"id":"110","title":"Doctor Who","poster":"http:\/\/trendico.ru\/upload\/moviebox\/1348134220.jpg","active":"1","cats":"2#8#17","rating":"662","seasons":"7"},{"id":"111","title":"Dragons: Riders of Berk","poster":"http:\/\/trendico.ru\/upload\/moviebox\/1348433394.jpg","active":"1","cats":"2#3#5","rating":"1159","seasons":"2"},{"id":"112","title":"Titanic: Blood and Steel","poster":"http:\/\/trendico.ru\/upload\/moviebox\/1348434674.jpg","active":"1","cats":"8#12","rating":"14","seasons":"1"},{"id":"113","title":"Go On","poster":"http:\/\/trendico.ru\/upload\/moviebox\/1348438034.jpg","active":"1","cats":"5","rating":"26","seasons":"1"},{"id":"114","title":"Being Liverpool","poster":"http:\/\/trendico.ru\/upload\/moviebox\/1348443686.jpg","active":"1","cats":"18","rating":"23","seasons":"1"},{"id":"115","title":"The Legend of Korra","poster":"http:\/\/trendico.ru\/upload\/moviebox\/1348503455.jpg","active":"1","cats":"1#2#3#10","rating":"5246","seasons":"2"},{"id":"116","title":"Tosh.0","poster":"http:\/\/trendico.ru\/upload\/moviebox\/1348572167.jpg","active":"1","cats":"5","rating":"2937","seasons":"5"},{"id":"117","title":"Generation Kill","poster":"http:\/\/trendico.ru\/upload\/moviebox\/1348599847.jpg","active":"1","cats":"1#8","rating":"38","seasons":"1"},{"id":"118","title":"Homeland","poster":"http:\/\/trendico.ru\/upload\/moviebox\/1348661392.jpg","active":"1","cats":"6#8#15","rating":"6124","seasons":"3"},{"id":"119","title":"Arrested Development","poster":"http:\/\/trendico.ru\/upload\/moviebox\/1348737490.jpg","active":"1","cats":"5#8","rating":"206","seasons":"4"},{"id":"120","title":"John Adams","poster":"http:\/\/trendico.ru\/upload\/moviebox\/1348829423.jpg","active":"1","cats":"4#8#12","rating":"15","seasons":"1"},{"id":"121","title":"Modern Family","poster":"http:\/\/trendico.ru\/upload\/moviebox\/1348866331.jpg","active":"1","cats":"5","rating":"3289","seasons":"5"},{"id":"122","title":"Last Resort","poster":"http:\/\/trendico.ru\/upload\/moviebox\/1348867310.jpg","active":"1","cats":"1#8#15","rating":"37","seasons":"1"},{"id":"123","title":"Elementary","poster":"http:\/\/trendico.ru\/upload\/moviebox\/1348867519.jpg","active":"1","cats":"6#8#15","rating":"1851","seasons":"2"},{"id":"124","title":"Animal Practice","poster":"http:\/\/trendico.ru\/upload\/moviebox\/1348867875.jpg","active":"1","cats":"5","rating":"8","seasons":"1"},{"id":"125","title":"The Neighbors","poster":"http:\/\/trendico.ru\/upload\/moviebox\/1348907540.jpg","active":"1","cats":"5","rating":"129","seasons":"2"},{"id":"126","title":"Deadwood","poster":"http:\/\/trendico.ru\/upload\/moviebox\/1349070758.jpg","active":"1","cats":"6#8#12","rating":"52","seasons":"3"},{"id":"127","title":"666 Park Avenue","poster":"http:\/\/trendico.ru\/upload\/moviebox\/1349119485.jpg","active":"1","cats":"8#13#17","rating":"67","seasons":"1"},{"id":"128","title":"Brickleberry","poster":"http:\/\/trendico.ru\/upload\/moviebox\/1349124447.jpg","active":"1","cats":"3#5","rating":"1888","seasons":"2"},{"id":"129","title":"The Mentalist","poster":"http:\/\/trendico.ru\/upload\/moviebox\/1349125507.jpg","active":"1","cats":"6#8#15","rating":"2582","seasons":"6"},{"id":"130","title":"Six Feet Under","poster":"http:\/\/trendico.ru\/upload\/moviebox\/1349178232.jpg","active":"1","cats":"8","rating":"73","seasons":"5"},{"id":"131","title":"Parks and Recreation","poster":"http:\/\/trendico.ru\/upload\/moviebox\/1349178689.jpg","active":"1","cats":"5","rating":"376","seasons":"6"},{"id":"132","title":"House of Lies","poster":"http:\/\/trendico.ru\/upload\/moviebox\/1349190099.jpg","active":"1","cats":"5","rating":"76","seasons":"2"},{"id":"133","title":"Flight of the Conchords ","poster":"http:\/\/trendico.ru\/upload\/moviebox\/1349266265.jpg","active":"1","cats":"5","rating":"24","seasons":"2"},{"id":"134","title":"Entourage","poster":"http:\/\/trendico.ru\/upload\/moviebox\/1349268127.jpg","active":"1","cats":"5#8","rating":"366","seasons":"8"},{"id":"135","title":"Kung Fu Panda: Legends of Awesomeness","poster":"http:\/\/trendico.ru\/upload\/moviebox\/1349297465.jpg","active":"1","cats":"1#2#3#5","rating":"320","seasons":"3"},{"id":"136","title":"Nip\/Tuck","poster":"http:\/\/trendico.ru\/upload\/moviebox\/1365366331.jpg","active":"1","cats":"8","rating":"231","seasons":"6"},{"id":"137","title":"Chicago Fire","poster":"http:\/\/trendico.ru\/upload\/moviebox\/1349415210.jpg","active":"1","cats":"8","rating":"225","seasons":"2"},{"id":"138","title":"30 Rock","poster":"http:\/\/trendico.ru\/upload\/moviebox\/1349436197.jpg","active":"1","cats":"5","rating":"85","seasons":"7"},{"id":"139","title":"Flashpoint","poster":"http:\/\/trendico.ru\/upload\/moviebox\/1349436709.jpg","active":"1","cats":"1#6#8","rating":"113","seasons":"5"},{"id":"140","title":"Haven","poster":"http:\/\/trendico.ru\/upload\/moviebox\/1349506486.jpg","active":"1","cats":"6#8#10","rating":"633","seasons":"4"},{"id":"141","title":"Made in Jersey","poster":"http:\/\/trendico.ru\/upload\/moviebox\/1349507423.jpg","active":"1","cats":"8","rating":"13","seasons":"1"},{"id":"142","title":"Warehouse 13","poster":"http:\/\/trendico.ru\/upload\/moviebox\/1349727924.jpg","active":"1","cats":"8#15#17","rating":"116","seasons":"4"},{"id":"143","title":"Sinbad","poster":"http:\/\/trendico.ru\/upload\/moviebox\/1349521930.jpg","active":"1","cats":"1#2#10","rating":"23","seasons":"1"},{"id":"144","title":"V","poster":"http:\/\/trendico.ru\/upload\/moviebox\/1349727874.jpg","active":"1","cats":"8#17#19","rating":"78","seasons":"2"},{"id":"145","title":"The Pixar Shorts","poster":"http:\/\/trendico.ru\/upload\/moviebox\/1349731285.jpg","active":"1","cats":"3#5#9","rating":"407","seasons":"1"},{"id":"146","title":"Alphas","poster":"http:\/\/trendico.ru\/upload\/moviebox\/1349767226.jpg","active":"1","cats":"1#8#17","rating":"44","seasons":"2"},{"id":"147","title":"Star Wars: The Clone Wars","poster":"http:\/\/trendico.ru\/upload\/moviebox\/1349776122.jpg","active":"1","cats":"1#2#3","rating":"331","seasons":"5"},{"id":"148","title":"Treme","poster":"http:\/\/trendico.ru\/upload\/moviebox\/1349797275.jpg","active":"1","cats":"8","rating":"12","seasons":"3"},{"id":"149","title":"Revenge","poster":"http:\/\/trendico.ru\/upload\/moviebox\/1349798722.jpg","active":"1","cats":"8","rating":"3050","seasons":"3"},{"id":"150","title":"Guys with Kids","poster":"http:\/\/trendico.ru\/upload\/moviebox\/1349931094.jpg","active":"1","cats":"5","rating":"80","seasons":"1"},{"id":"151","title":"The Gates","poster":"http:\/\/trendico.ru\/upload\/moviebox\/1349932390.jpg","active":"1","cats":"6#8#15","rating":"19","seasons":"1"},{"id":"152","title":"The New Normal","poster":"http:\/\/trendico.ru\/upload\/moviebox\/1349956049.jpg","active":"1","cats":"5","rating":"29","seasons":"1"},{"id":"153","title":"Bones","poster":"http:\/\/trendico.ru\/upload\/moviebox\/1350016525.jpg","active":"1","cats":"5#6#8","rating":"1475","seasons":"9"},{"id":"154","title":"Arrow","poster":"http:\/\/trendico.ru\/upload\/moviebox\/1350039934.jpg","active":"1","cats":"1#2#8","rating":"8691","seasons":"2"},{"id":"155","title":"Nashville","poster":"http:\/\/trendico.ru\/upload\/moviebox\/1350040108.jpg","active":"1","cats":"8#9#14","rating":"386","seasons":"2"},{"id":"156","title":"Beauty and the Beast","poster":"http:\/\/trendico.ru\/upload\/moviebox\/1350070627.jpg","active":"1","cats":"6#8","rating":"1347","seasons":"2"},{"id":"157","title":"The Client List","poster":"http:\/\/trendico.ru\/upload\/moviebox\/1350117724.jpg","active":"1","cats":"8","rating":"492","seasons":"2"},{"id":"158","title":"Copper","poster":"http:\/\/trendico.ru\/upload\/moviebox\/1350117969.jpg","active":"1","cats":"8","rating":"45","seasons":"2"},{"id":"159","title":"Avatar: The Last Airbender","poster":"http:\/\/trendico.ru\/upload\/moviebox\/1350281579.jpg","active":"1","cats":"1#2#3","rating":"893","seasons":"3"},{"id":"160","title":"United States of Tara","poster":"http:\/\/trendico.ru\/upload\/moviebox\/1350302485.jpg","active":"1","cats":"5#8","rating":"22","seasons":"3"},{"id":"161","title":"Scrubs","poster":"http:\/\/trendico.ru\/upload\/moviebox\/1350365565.jpg","active":"1","cats":"5#8","rating":"252","seasons":"9"},{"id":"162","title":"Death Note (Desu noto)","poster":"http:\/\/trendico.ru\/upload\/moviebox\/1350375202.jpg","active":"1","cats":"3#6#8#15","rating":"293","seasons":"1"},{"id":"163","title":"CSI: Crime Scene Investigation","poster":"http:\/\/trendico.ru\/upload\/moviebox\/1350451390.jpg","active":"1","cats":"6#8#15","rating":"913","seasons":"14"},{"id":"164","title":"Criminal Minds","poster":"http:\/\/trendico.ru\/upload\/moviebox\/1350461902.jpg","active":"1","cats":"6#8#15","rating":"2306","seasons":"9"},{"id":"165","title":"Dead Like Me","poster":"http:\/\/trendico.ru\/upload\/moviebox\/1351601080.jpg","active":"1","cats":"5#8#10","rating":"72","seasons":"2"},{"id":"166","title":"CSI: NY","poster":"http:\/\/trendico.ru\/upload\/moviebox\/1350735703.jpg","active":"1","cats":"1#6#8","rating":"114","seasons":"9"},{"id":"167","title":"CSI: Miami","poster":"http:\/\/trendico.ru\/upload\/moviebox\/1350655711.jpg","active":"1","cats":"1#6#8","rating":"194","seasons":"10"},{"id":"168","title":"Perception","poster":"http:\/\/trendico.ru\/upload\/moviebox\/1350735571.jpg","active":"1","cats":"6#8#15","rating":"71","seasons":"2"},{"id":"169","title":"Young Justice","poster":"http:\/\/trendico.ru\/upload\/moviebox\/1350729175.jpg","active":"1","cats":"1#2#3","rating":"331","seasons":"2"},{"id":"170","title":"Fullmetal Alchemist","poster":"http:\/\/trendico.ru\/upload\/moviebox\/1350753192.jpg","active":"1","cats":"1#2#3#5#8","rating":"99","seasons":"1"},{"id":"171","title":"Fullmetal Alchemist Brotherhood","poster":"http:\/\/trendico.ru\/upload\/moviebox\/1350753326.jpg","active":"1","cats":"1#2#3#5#8","rating":"182","seasons":"1"},{"id":"172","title":"Hawaii five-0","poster":"http:\/\/trendico.ru\/upload\/moviebox\/1350894301.jpg","active":"1","cats":"1#6#8","rating":"1451","seasons":"4"},{"id":"173","title":"Code Geass: Lelouch of the Rebellion","poster":"http:\/\/trendico.ru\/upload\/moviebox\/1350900339.jpg","active":"1","cats":"1#2#3","rating":"88","seasons":"1"},{"id":"174","title":"Code Geass: Lelouch of the Rebellion R2","poster":"http:\/\/trendico.ru\/upload\/moviebox\/1350901060.jpg","active":"1","cats":"1#2#3#8","rating":"92","seasons":"1"},{"id":"175","title":"Don't Trust the B---- in Apartment 23","poster":"http:\/\/trendico.ru\/upload\/moviebox\/1351111012.jpg","active":"1","cats":"5","rating":"105","seasons":"2"},{"id":"176","title":"Emily Owens M.D.","poster":"http:\/\/trendico.ru\/upload\/moviebox\/1351111261.jpg","active":"1","cats":"8","rating":"7","seasons":"1"},{"id":"177","title":"Vegas","poster":"http:\/\/trendico.ru\/upload\/moviebox\/1351111483.jpg","active":"1","cats":"8","rating":"12","seasons":"1"},{"id":"178","title":"Ben and Kate","poster":"http:\/\/trendico.ru\/upload\/moviebox\/1351111717.jpg","active":"1","cats":"","rating":"24","seasons":"1"},{"id":"179","title":"Happy Endings","poster":"http:\/\/trendico.ru\/upload\/moviebox\/1351112255.jpg","active":"1","cats":"5","rating":"92","seasons":"3"},{"id":"180","title":"Mike and Molly","poster":"http:\/\/trendico.ru\/upload\/moviebox\/1351150737.jpg","active":"1","cats":"5","rating":"820","seasons":"4"},{"id":"181","title":"Hunted","poster":"http:\/\/trendico.ru\/upload\/moviebox\/1351237920.jpg","active":"1","cats":"1#8","rating":"17","seasons":"1"},{"id":"182","title":"Mockingbird Lane","poster":"http:\/\/trendico.ru\/upload\/moviebox\/1351426626.jpg","active":"1","cats":"8","rating":"9","seasons":"1"},{"id":"183","title":"Sword Art Online","poster":"http:\/\/trendico.ru\/upload\/moviebox\/1351541644.jpg","active":"1","cats":"1#2#3#10","rating":"207","seasons":"1"},{"id":"184","title":"Nikita","poster":"http:\/\/trendico.ru\/upload\/moviebox\/1351662733.jpg","active":"1","cats":"1#6#8","rating":"231","seasons":"3"},{"id":"185","title":"Raising Hope","poster":"http:\/\/trendico.ru\/upload\/moviebox\/1351667760.jpg","active":"1","cats":"5#8#9","rating":"127","seasons":"3"},{"id":"186","title":"Criminal Minds: Suspect Behavior","poster":"http:\/\/trendico.ru\/upload\/moviebox\/1351676381.jpg","active":"1","cats":"6#8#15","rating":"24","seasons":"1"},{"id":"187","title":"Suburgatory","poster":"http:\/\/trendico.ru\/upload\/moviebox\/1351767907.jpg","active":"1","cats":"5","rating":"100","seasons":"2"},{"id":"188","title":"Seinfeld","poster":"http:\/\/trendico.ru\/upload\/moviebox\/1351780747.jpg","active":"1","cats":"5","rating":"795","seasons":"9"},{"id":"189","title":"Longmire","poster":"http:\/\/trendico.ru\/upload\/moviebox\/1351802636.jpg","active":"1","cats":"8","rating":"24","seasons":"2"},{"id":"190","title":"Hit & Miss","poster":"http:\/\/trendico.ru\/upload\/moviebox\/1351803169.jpg","active":"1","cats":"8","rating":"9","seasons":"1"},{"id":"191","title":"The Fresh Prince of Bel-Air","poster":"http:\/\/trendico.ru\/upload\/moviebox\/1351804179.jpg","active":"1","cats":"5#9","rating":"1451","seasons":"6"},{"id":"192","title":"Smash","poster":"http:\/\/trendico.ru\/upload\/moviebox\/1351809388.jpg","active":"1","cats":"8#14","rating":"18","seasons":"2"},{"id":"193","title":"Dragon ball Kai: Doragon boru Kai ","poster":"http:\/\/trendico.ru\/upload\/moviebox\/1351830734.jpg","active":"1","cats":"1#2#3","rating":"365","seasons":"1"},{"id":"194","title":"Dollhouse","poster":"http:\/\/trendico.ru\/upload\/moviebox\/1351860517.jpg","active":"1","cats":"8#15#17","rating":"12","seasons":"2"},{"id":"195","title":"Life's Too Short","poster":"http:\/\/trendico.ru\/upload\/moviebox\/1351892237.jpg","active":"1","cats":"5","rating":"21","seasons":"1"},{"id":"196","title":"Workaholics","poster":"http:\/\/trendico.ru\/upload\/moviebox\/1351904395.jpg","active":"1","cats":"5","rating":"328","seasons":"3"},{"id":"197","title":"Partners","poster":"http:\/\/trendico.ru\/upload\/moviebox\/1352179814.jpg","active":"1","cats":"5","rating":"11","seasons":"1"},{"id":"198","title":"Law & Order: Special Victims Unit","poster":"http:\/\/trendico.ru\/upload\/moviebox\/1352183112.jpg","active":"1","cats":"6#8#15","rating":"1331","seasons":"15"},{"id":"199","title":"Damages","poster":"http:\/\/trendico.ru\/upload\/moviebox\/1352188240.jpg","active":"1","cats":"6#8#15","rating":"37","seasons":"5"},{"id":"200","title":"Pushing Daisies","poster":"http:\/\/trendico.ru\/upload\/moviebox\/1352194587.jpg","active":"1","cats":"5#8#10","rating":"27","seasons":"2"},{"id":"201","title":"Friday Night Lights","poster":"http:\/\/trendico.ru\/upload\/moviebox\/1352347842.jpg","active":"1","cats":"8#18","rating":"127","seasons":"5"},{"id":"202","title":"Dragon Ball Z","poster":"http:\/\/trendico.ru\/upload\/moviebox\/1352374506.jpg","active":"1","cats":"1#2#3","rating":"1726","seasons":"9"},{"id":"203","title":"Merlin","poster":"http:\/\/trendico.ru\/upload\/moviebox\/1352454425.jpg","active":"1","cats":"2#8#9","rating":"172","seasons":"5"},{"id":"204","title":"Ancient Aliens","poster":"http:\/\/trendico.ru\/upload\/moviebox\/1352807727.jpg","active":"1","cats":"7","rating":"2083","seasons":"6"},{"id":"205","title":"Luther","poster":"http:\/\/trendico.ru\/upload\/moviebox\/1352896810.jpg","active":"1","cats":"6#8#15","rating":"105","seasons":"3"},{"id":"206","title":"10 Things I Hate About You","poster":"http:\/\/trendico.ru\/upload\/moviebox\/1352897566.jpg","active":"1","cats":"5","rating":"57","seasons":"1"},{"id":"207","title":"SpongeBob SquarePants","poster":"http:\/\/trendico.ru\/upload\/moviebox\/1352935271.jpg","active":"1","cats":"3#5#9","rating":"5008","seasons":"9"},{"id":"208","title":"Freaks And Geeks","poster":"http:\/\/trendico.ru\/upload\/moviebox\/1352953719.jpg","active":"1","cats":"5#8","rating":"44","seasons":"1"},{"id":"209","title":"The Inbetweeners","poster":"http:\/\/trendico.ru\/upload\/moviebox\/1352956023.jpg","active":"1","cats":"5","rating":"141","seasons":"3"},{"id":"210","title":"The Venture Bros.","poster":"http:\/\/trendico.ru\/upload\/moviebox\/1352983707.jpg","active":"1","cats":"1#2#3","rating":"45","seasons":"5"},{"id":"211","title":"An Idiot Abroad","poster":"http:\/\/trendico.ru\/upload\/moviebox\/1353136469.jpg","active":"1","cats":"5#7","rating":"133","seasons":"3"},{"id":"212","title":"American Dad","poster":"http:\/\/trendico.ru\/upload\/moviebox\/1353317499.jpg","active":"1","cats":"3#5","rating":"5218","seasons":"9"},{"id":"213","title":"Burn Notice","poster":"http:\/\/trendico.ru\/upload\/moviebox\/1353356544.jpg","active":"1","cats":"1#6#8","rating":"278","seasons":"7"},{"id":"214","title":"Private Practice","poster":"http:\/\/trendico.ru\/upload\/moviebox\/1353397092.jpg","active":"1","cats":"5#8#16","rating":"89","seasons":"6"},{"id":"215","title":"Tom and Jerry","poster":"http:\/\/trendico.ru\/upload\/moviebox\/1353443467.jpg","active":"1","cats":"","rating":"312","seasons":"1"},{"id":"216","title":"Dragon Ball","poster":"http:\/\/trendico.ru\/upload\/moviebox\/1353475715.jpg","active":"1","cats":"1#2#3","rating":"510","seasons":"1"},{"id":"217","title":"Planet Earth","poster":"http:\/\/trendico.ru\/upload\/moviebox\/1353563738.jpg","active":"1","cats":"7","rating":"177","seasons":"1"},{"id":"218","title":"Planet Dinosaur","poster":"http:\/\/trendico.ru\/upload\/moviebox\/1353574315.jpg","active":"1","cats":"1#3#7","rating":"184","seasons":"1"},{"id":"219","title":"Tom & Jerry Kids Show","poster":"http:\/\/trendico.ru\/upload\/moviebox\/1353598254.jpg","active":"1","cats":"3#5#9","rating":"169","seasons":"1"},{"id":"220","title":"Alf","poster":"http:\/\/trendico.ru\/upload\/moviebox\/1353661822.jpg","active":"1","cats":"5#8#9","rating":"84","seasons":"4"},{"id":"221","title":"Dragon Ball GT","poster":"http:\/\/trendico.ru\/upload\/moviebox\/1353674458.jpg","active":"1","cats":"1#2#3","rating":"452","seasons":"1"},{"id":"222","title":"Courage the Cowardly Dog","poster":"http:\/\/trendico.ru\/upload\/moviebox\/1353700584.jpg","active":"1","cats":"3#5#9","rating":"418","seasons":"4"},{"id":"223","title":"Adventure Time with Finn & Jake","poster":"http:\/\/trendico.ru\/upload\/moviebox\/1353796218.jpg","active":"1","cats":"2#3#5","rating":"3835","seasons":"5"},{"id":"224","title":"Archer","poster":"http:\/\/trendico.ru\/upload\/moviebox\/1353907128.jpg","active":"1","cats":"1#3#5","rating":"469","seasons":"4"},{"id":"225","title":"Naruto Shippuden","poster":"http:\/\/trendico.ru\/upload\/moviebox\/1353910490.jpg","active":"1","cats":"1#2#3","rating":"3885","seasons":"14"},{"id":"226","title":" Friday Night Dinner","poster":"http:\/\/trendico.ru\/upload\/moviebox\/1353914014.jpg","active":"1","cats":"5","rating":"38","seasons":"2"},{"id":"227","title":"Nurse Jackie","poster":"http:\/\/trendico.ru\/upload\/moviebox\/1353916379.jpg","active":"1","cats":"5#8","rating":"59","seasons":"5"},{"id":"228","title":"Its always sunny in Philadelphia","poster":"http:\/\/trendico.ru\/upload\/moviebox\/1353921643.jpg","active":"1","cats":"5","rating":"1845","seasons":"9"},{"id":"229","title":"90210","poster":"http:\/\/trendico.ru\/upload\/moviebox\/1353999004.jpg","active":"1","cats":"5#8#16","rating":"430","seasons":"5"},{"id":"230","title":"Covert Affairs","poster":"http:\/\/trendico.ru\/upload\/moviebox\/1354007696.jpg","active":"1","cats":"1#6#8","rating":"839","seasons":"4"},{"id":"231","title":"That '70s Show","poster":"http:\/\/trendico.ru\/upload\/moviebox\/1354015448.jpg","active":"1","cats":"5#16","rating":"414","seasons":"8"},{"id":"232","title":"Teen Wolf","poster":"http:\/\/trendico.ru\/upload\/moviebox\/1354023382.jpg","active":"1","cats":"5#8#13","rating":"475","seasons":"3"},{"id":"233","title":"Ringer","poster":"http:\/\/trendico.ru\/upload\/moviebox\/1354046771.jpg","active":"1","cats":"6#8#15","rating":"15","seasons":"1"},{"id":"234","title":"FlashForward","poster":"http:\/\/trendico.ru\/upload\/moviebox\/1354053415.jpg","active":"1","cats":"8#15#17","rating":"29","seasons":"1"},{"id":"235","title":"Darkwing Duck","poster":"http:\/\/trendico.ru\/upload\/moviebox\/1354099503.jpg","active":"1","cats":"3#5#9","rating":"53","seasons":"3"},{"id":"236","title":"DuckTales","poster":"http:\/\/trendico.ru\/upload\/moviebox\/1354099653.jpg","active":"1","cats":"2#3#5","rating":"180","seasons":"1"},{"id":"237","title":"Beverly Hills 90210","poster":"http:\/\/trendico.ru\/upload\/moviebox\/1354192730.jpg","active":"1","cats":"8#16","rating":"119","seasons":"10"},{"id":"238","title":"Naruto","poster":"http:\/\/trendico.ru\/upload\/moviebox\/1354388269.jpg","active":"1","cats":"1#2#3","rating":"1209","seasons":"1"},{"id":"239","title":"Veronica Mars","poster":"http:\/\/trendico.ru\/upload\/moviebox\/1354391050.jpg","active":"1","cats":"6#8#15","rating":"32","seasons":"3"},{"id":"240","title":"Spartacus: Gods of the Arena","poster":"http:\/\/trendico.ru\/upload\/moviebox\/1354397751.jpg","active":"1","cats":"1#2#4","rating":"134","seasons":"1"},{"id":"241","title":"Psych","poster":"http:\/\/trendico.ru\/upload\/moviebox\/1354693067.jpg","active":"1","cats":"5#6#15","rating":"326","seasons":"7"},{"id":"242","title":"The Boondocks","poster":"http:\/\/trendico.ru\/upload\/moviebox\/1354777806.jpg","active":"1","cats":"1#3#5","rating":"433","seasons":"3"},{"id":"243","title":"Good Luck Charlie","poster":"http:\/\/trendico.ru\/upload\/moviebox\/1354792676.jpg","active":"1","cats":"5#9","rating":"1056","seasons":"4"},{"id":"244","title":"Peppa Pig","poster":"http:\/\/trendico.ru\/upload\/moviebox\/1354829098.jpg","active":"1","cats":"3#9","rating":"2054","seasons":"1"},{"id":"245","title":"Blue Mountain State","poster":"http:\/\/trendico.ru\/upload\/moviebox\/1354871870.jpg","active":"1","cats":"5#18","rating":"297","seasons":"3"},{"id":"246","title":"Yu-Gi-Oh! Zexal","poster":"http:\/\/trendico.ru\/upload\/moviebox\/1355214012.jpg","active":"1","cats":"1#2#3","rating":"196","seasons":"2"},{"id":"247","title":"Yu-Gi-Oh! GX","poster":"http:\/\/trendico.ru\/upload\/moviebox\/1355311292.jpg","active":"1","cats":"1#2#3","rating":"231","seasons":"4"},{"id":"248","title":"Wedding Band","poster":"http:\/\/trendico.ru\/upload\/moviebox\/1355356434.jpg","active":"1","cats":"5#8","rating":"16","seasons":"1"},{"id":"249","title":"Yu-Gi-Oh! The Abridged Series","poster":"http:\/\/trendico.ru\/upload\/moviebox\/1355417008.jpg","active":"1","cats":"3#5","rating":"124","seasons":"3"},{"id":"250","title":"Stargate Atlantis","poster":"http:\/\/trendico.ru\/upload\/moviebox\/1355472875.jpg","active":"1","cats":"1#8#17","rating":"166","seasons":"5"},{"id":"251","title":"Stargate Universe","poster":"http:\/\/trendico.ru\/upload\/moviebox\/1355717565.jpg","active":"1","cats":"8#17","rating":"51","seasons":"2"},{"id":"252","title":"Cougar Town","poster":"http:\/\/trendico.ru\/upload\/moviebox\/1355742663.jpg","active":"1","cats":"5","rating":"82","seasons":"4"},{"id":"253","title":"The League","poster":"http:\/\/trendico.ru\/upload\/moviebox\/1355819236.jpg","active":"1","cats":"5","rating":"1567","seasons":"5"},{"id":"254","title":"Everybody Loves Raymond","poster":"http:\/\/trendico.ru\/upload\/moviebox\/1355904648.jpg","active":"1","cats":"5","rating":"244","seasons":"9"},{"id":"255","title":"Everybody Hates Chris","poster":"http:\/\/trendico.ru\/upload\/moviebox\/1355991351.jpg","active":"1","cats":"5","rating":"522","seasons":"4"},{"id":"256","title":"Lost Girl","poster":"http:\/\/trendico.ru\/upload\/moviebox\/1356330128.jpg","active":"1","cats":"6#10#13","rating":"82","seasons":"3"},{"id":"257","title":"Stargate SG-1","poster":"http:\/\/trendico.ru\/upload\/moviebox\/1356417058.jpg","active":"1","cats":"1#2#17","rating":"172","seasons":"10"},{"id":"258","title":"America's Next Top Model","poster":"http:\/\/trendico.ru\/upload\/moviebox\/1356469003.jpg","active":"1","cats":"7","rating":"2106","seasons":"20"},{"id":"259","title":"Teenage Mutant Ninja Turtles","poster":"http:\/\/trendico.ru\/upload\/moviebox\/1356661873.jpg","active":"1","cats":"1#2#3","rating":"208","seasons":"10"},{"id":"260","title":"The Hour","poster":"http:\/\/trendico.ru\/upload\/moviebox\/1357248525.jpg","active":"1","cats":"8","rating":"8","seasons":"2"},{"id":"261","title":"The X-Files","poster":"http:\/\/trendico.ru\/upload\/moviebox\/1357281149.jpg","active":"1","cats":"8#15#17","rating":"161","seasons":"9"},{"id":"262","title":"Oz","poster":"http:\/\/trendico.ru\/upload\/moviebox\/1357877929.jpg","active":"1","cats":"6#8#19","rating":"134","seasons":"6"},{"id":"263","title":"Community","poster":"http:\/\/trendico.ru\/upload\/moviebox\/1357879917.jpg","active":"1","cats":"5","rating":"384","seasons":"4"},{"id":"264","title":"The Lying Game","poster":"http:\/\/trendico.ru\/upload\/moviebox\/1357884435.jpg","active":"1","cats":"8#15","rating":"74","seasons":"2"},{"id":"265","title":"Shameless","poster":"http:\/\/trendico.ru\/upload\/moviebox\/1358063898.jpg","active":"1","cats":"5#8#20","rating":"276","seasons":"3"},{"id":"266","title":"Boy Meets World","poster":"http:\/\/trendico.ru\/upload\/moviebox\/1358140234.jpg","active":"1","cats":"5#8#9","rating":"243","seasons":"7"},{"id":"267","title":"Chappelle`s Show","poster":"http:\/\/trendico.ru\/upload\/moviebox\/1358223557.jpg","active":"1","cats":"5#14","rating":"261","seasons":"3"},{"id":"268","title":"Face Off","poster":"http:\/\/trendico.ru\/upload\/moviebox\/1358238273.jpg","active":"1","cats":"7","rating":"1557","seasons":"5"},{"id":"269","title":"Regular Show","poster":"http:\/\/trendico.ru\/upload\/moviebox\/1358318541.jpg","active":"1","cats":"2#3#5","rating":"1319","seasons":"5"},{"id":"270","title":"Finding Bigfoot","poster":"http:\/\/trendico.ru\/upload\/moviebox\/1358334584.jpg","active":"1","cats":"7#8","rating":"62","seasons":"3"},{"id":"271","title":"The Carrie Diaries","poster":"http:\/\/trendico.ru\/upload\/moviebox\/1358354462.jpg","active":"1","cats":"5#16","rating":"2041","seasons":"2"},{"id":"272","title":"American Idol: The Search for a Superstar","poster":"http:\/\/trendico.ru\/upload\/moviebox\/1358511409.jpg","active":"1","cats":"14","rating":"100","seasons":"12"},{"id":"273","title":"Banshee","poster":"http:\/\/trendico.ru\/upload\/moviebox\/1358680820.jpg","active":"1","cats":"6#8#15","rating":"68","seasons":"1"},{"id":"274","title":"Legit","poster":"http:\/\/trendico.ru\/upload\/moviebox\/1358681143.jpg","active":"1","cats":"5","rating":"14","seasons":"1"},{"id":"275","title":"Jersey Shore","poster":"http:\/\/trendico.ru\/upload\/moviebox\/1358877190.jpg","active":"1","cats":"5#8","rating":"454","seasons":"6"},{"id":"276","title":"Utopia","poster":"http:\/\/trendico.ru\/upload\/moviebox\/1359047966.jpg","active":"1","cats":"8","rating":"4","seasons":"1"},{"id":"277","title":"The Following","poster":"http:\/\/trendico.ru\/upload\/moviebox\/1359051180.jpg","active":"1","cats":"6#8#19","rating":"96","seasons":"1"},{"id":"278","title":"Ghost Hunters","poster":"http:\/\/trendico.ru\/upload\/moviebox\/1359348704.jpg","active":"1","cats":"7","rating":"338","seasons":"9"},{"id":"279","title":"Keeping Up with the Kardashians","poster":"http:\/\/trendico.ru\/upload\/moviebox\/1359546630.jpg","active":"1","cats":"7","rating":"5117","seasons":"8"},{"id":"280","title":"The Americans","poster":"http:\/\/trendico.ru\/upload\/moviebox\/1359647693.jpg","active":"1","cats":"","rating":"34","seasons":"1"},{"id":"281","title":"The Corner","poster":"http:\/\/trendico.ru\/upload\/moviebox\/1360012417.jpg","active":"1","cats":"6#8","rating":"26","seasons":"1"},{"id":"282","title":"Primeval: New World","poster":"http:\/\/trendico.ru\/upload\/moviebox\/1360012635.jpg","active":"1","cats":"17","rating":"34","seasons":"1"},{"id":"283","title":"Impractical Jokers","poster":"http:\/\/trendico.ru\/upload\/moviebox\/1360140707.jpg","active":"1","cats":"7","rating":"2193","seasons":"2"},{"id":"284","title":"House of Cards","poster":"http:\/\/trendico.ru\/upload\/moviebox\/1360142796.jpg","active":"1","cats":"8","rating":"182","seasons":"1"},{"id":"285","title":"Masterchef US","poster":"http:\/\/trendico.ru\/upload\/moviebox\/1360233087.jpg","active":"1","cats":"7","rating":"267","seasons":"4"},{"id":"286","title":"The Avengers: Earth's Mightiest Heroes","poster":"http:\/\/trendico.ru\/upload\/moviebox\/1360401465.jpg","active":"1","cats":"1#3#10","rating":"129","seasons":"2"},{"id":"287","title":"Justified","poster":"http:\/\/trendico.ru\/upload\/moviebox\/1360618312.jpg","active":"1","cats":"1#6#8","rating":"119","seasons":"4"},{"id":"288","title":"Dallas","poster":"http:\/\/trendico.ru\/upload\/moviebox\/1361012082.jpg","active":"1","cats":"8","rating":"12","seasons":"2"},{"id":"289","title":"Being Human","poster":"http:\/\/trendico.ru\/upload\/moviebox\/1361031171.jpg","active":"1","cats":"10#13","rating":"92","seasons":"3"},{"id":"290","title":"Ben 10: Omniverse","poster":"http:\/\/trendico.ru\/upload\/moviebox\/1361096210.jpg","active":"1","cats":"3#17","rating":"978","seasons":"1"},{"id":"291","title":"The Girls Next Door","poster":"http:\/\/trendico.ru\/upload\/moviebox\/1361225140.jpg","active":"1","cats":"7","rating":"0","seasons":"5"},{"id":"292","title":"Rome","poster":"http:\/\/trendico.ru\/upload\/moviebox\/1361541499.jpg","active":"1","cats":"1#8#12","rating":"110","seasons":"2"},{"id":"293","title":"Real Husbands of Hollywood","poster":"http:\/\/trendico.ru\/upload\/moviebox\/1361615597.jpg","active":"1","cats":"5","rating":"2849","seasons":"2"},{"id":"294","title":"Hatfields and McCoys","poster":"http:\/\/trendico.ru\/upload\/moviebox\/1361827451.jpg","active":"1","cats":"8#12#16","rating":"16","seasons":"1"},{"id":"295","title":"Pokemon","poster":"http:\/\/trendico.ru\/upload\/moviebox\/1362259743.jpg","active":"1","cats":"1#2#3#5","rating":"3516","seasons":"17"},{"id":"296","title":"Last Man Standing","poster":"http:\/\/trendico.ru\/upload\/moviebox\/1362461958.jpg","active":"1","cats":"5","rating":"575","seasons":"3"},{"id":"297","title":"Vikings","poster":"http:\/\/trendico.ru\/upload\/moviebox\/1362505738.jpg","active":"1","cats":"1#8#12","rating":"167","seasons":"1"},{"id":"298","title":"Alice","poster":"http:\/\/trendico.ru\/upload\/moviebox\/1363102923.jpg","active":"1","cats":"8#10","rating":"20","seasons":"1"},{"id":"299","title":"Broadchurch","poster":"http:\/\/trendico.ru\/upload\/moviebox\/1363117892.jpg","active":"1","cats":"6#8","rating":"14","seasons":"1"},{"id":"300","title":"The Bible","poster":"http:\/\/trendico.ru\/upload\/moviebox\/1363155938.jpg","active":"1","cats":"8","rating":"186","seasons":"1"},{"id":"301","title":"Deception","poster":"http:\/\/trendico.ru\/upload\/moviebox\/1363166566.jpg","active":"1","cats":"6#8#15","rating":"31","seasons":"1"},{"id":"302","title":"Bates Motel","poster":"http:\/\/trendico.ru\/upload\/moviebox\/1363588098.jpg","active":"1","cats":"13#15#19","rating":"109","seasons":"1"},{"id":"303","title":"Duck Dynasty","poster":"http:\/\/trendico.ru\/upload\/moviebox\/1363602988.jpg","active":"1","cats":"","rating":"1541","seasons":"4"},{"id":"304","title":"F1","poster":"http:\/\/trendico.ru\/upload\/moviebox\/1363678322.jpg","active":"1","cats":"1#7#18","rating":"9","seasons":"1"},{"id":"305","title":"TRON: Uprising","poster":"http:\/\/trendico.ru\/upload\/moviebox\/1363722024.jpg","active":"1","cats":"1#2#3","rating":"47","seasons":"1"},{"id":"306","title":"WWE Monday Night Raw","poster":"http:\/\/trendico.ru\/upload\/moviebox\/1363763179.jpg","active":"1","cats":"1","rating":"1938","seasons":"1"},{"id":"307","title":"Batman","poster":"http:\/\/trendico.ru\/upload\/moviebox\/1363792446.jpg","active":"1","cats":"1#3#6","rating":"239","seasons":"4"},{"id":"308","title":"Orphan Black","poster":"http:\/\/trendico.ru\/upload\/moviebox\/1365080258.jpg","active":"1","cats":"1#8#17","rating":"54","seasons":"1"},{"id":"309","title":"Hannibal","poster":"http:\/\/trendico.ru\/upload\/moviebox\/1365234412.jpg","active":"1","cats":"6#8#19","rating":"135","seasons":"1"},{"id":"310","title":"VICE","poster":"http:\/\/trendico.ru\/upload\/moviebox\/1365326658.jpg","active":"1","cats":"7","rating":"34","seasons":"1"},{"id":"311","title":"Rogue","poster":"http:\/\/trendico.ru\/upload\/moviebox\/1365334290.jpg","active":"1","cats":"8","rating":"9","seasons":"1"},{"id":"312","title":"Alien Encounters(2012)","poster":"http:\/\/trendico.ru\/upload\/moviebox\/1365430300.jpg","active":"1","cats":"17","rating":"53","seasons":"1"},{"id":"313","title":"Alien Encounters (2013)","poster":"http:\/\/trendico.ru\/upload\/moviebox\/1365430804.jpg","active":"1","cats":"17","rating":"71","seasons":"1"},{"id":"314","title":"My Wife and Kids","poster":"http:\/\/trendico.ru\/upload\/moviebox\/1365497194.jpg","active":"1","cats":"5","rating":"354","seasons":"5"},{"id":"315","title":"Cult","poster":"http:\/\/trendico.ru\/upload\/moviebox\/1365514874.jpg","active":"1","cats":"8#15#19","rating":"13","seasons":"1"},{"id":"316","title":"In the Flesh","poster":"http:\/\/trendico.ru\/upload\/moviebox\/1365537892.jpg","active":"1","cats":"8#13","rating":"18","seasons":"1"},{"id":"317","title":"Youngers","poster":"http:\/\/trendico.ru\/upload\/moviebox\/1366878577.jpg","active":"1","cats":"5","rating":"18","seasons":"1"},{"id":"318","title":"Time Warp","poster":"http:\/\/trendico.ru\/upload\/moviebox\/1365773150.jpg","active":"1","cats":"7","rating":"63","seasons":"2"},{"id":"319","title":"24","poster":"http:\/\/trendico.ru\/upload\/moviebox\/1365963236.jpg","active":"1","cats":"1#6#8","rating":"366","seasons":"8"},{"id":"320","title":"Da Vinci's Demons","poster":"http:\/\/trendico.ru\/upload\/moviebox\/1365972332.jpg","active":"1","cats":"2#8","rating":"71","seasons":"1"},{"id":"321","title":"America Unearthed","poster":"http:\/\/trendico.ru\/upload\/moviebox\/1366013567.jpg","active":"1","cats":"12","rating":"63","seasons":"1"},{"id":"322","title":"Red Widow","poster":"http:\/\/trendico.ru\/upload\/moviebox\/1366019478.jpg","active":"1","cats":"8","rating":"16","seasons":"1"},{"id":"323","title":"Chip N Dale Rescue Rangers","poster":"http:\/\/trendico.ru\/upload\/moviebox\/1366062723.jpg","active":"1","cats":"1#2#3#5#9","rating":"87","seasons":"3"},{"id":"324","title":"Defiance","poster":"http:\/\/trendico.ru\/upload\/moviebox\/1366102863.jpg","active":"1","cats":"1#8#17","rating":"65","seasons":"1"},{"id":"325","title":"According to Jim","poster":"http:\/\/trendico.ru\/upload\/moviebox\/1366358063.jpg","active":"1","cats":"5","rating":"131","seasons":"8"},{"id":"326","title":"The L Word","poster":"http:\/\/trendico.ru\/upload\/moviebox\/1366365588.jpg","active":"1","cats":"8#16","rating":"226","seasons":"6"},{"id":"327","title":"Transporter: The Series","poster":"http:\/\/trendico.ru\/upload\/moviebox\/1366394201.jpg","active":"1","cats":"1#6","rating":"72","seasons":"1"},{"id":"328","title":"The 4400","poster":"http:\/\/trendico.ru\/upload\/moviebox\/1366396013.jpg","active":"1","cats":"8#15#17","rating":"100","seasons":"4"},{"id":"329","title":"Zombieland","poster":"http:\/\/trendico.ru\/upload\/moviebox\/1366572295.jpg","active":"1","cats":"2#5#13","rating":"123","seasons":"1"},{"id":"330","title":"Leverage","poster":"http:\/\/trendico.ru\/upload\/moviebox\/1366701991.jpg","active":"1","cats":"1#6#15","rating":"169","seasons":"5"},{"id":"331","title":"Anthony Bourdain: Parts Unknown","poster":"http:\/\/trendico.ru\/upload\/moviebox\/1366888068.jpg","active":"1","cats":"","rating":"238","seasons":"2"},{"id":"332","title":"Hemlock Grove","poster":"http:\/\/trendico.ru\/upload\/moviebox\/1366913902.jpg","active":"1","cats":"13#17#19","rating":"60","seasons":"1"},{"id":"333","title":"Drawn Together","poster":"http:\/\/trendico.ru\/upload\/moviebox\/1367241025.jpg","active":"1","cats":"3#5","rating":"152","seasons":"3"},{"id":"334","title":"Teen Titans","poster":"http:\/\/trendico.ru\/upload\/moviebox\/1367256520.jpg","active":"1","cats":"1#2#3","rating":"524","seasons":"5"},{"id":"335","title":"The Borgias","poster":"http:\/\/trendico.ru\/upload\/moviebox\/1367437508.jpg","active":"1","cats":"6#8#12","rating":"87","seasons":"3"},{"id":"336","title":"Skins","poster":"http:\/\/trendico.ru\/upload\/moviebox\/1367438237.jpg","active":"1","cats":"5#8","rating":"183","seasons":"7"},{"id":"337","title":"Bob's Burgers","poster":"http:\/\/trendico.ru\/upload\/moviebox\/1367764722.jpg","active":"1","cats":"3#5","rating":"1356","seasons":"4"},{"id":"338","title":"The Good Wife","poster":"http:\/\/trendico.ru\/upload\/moviebox\/1368029474.jpg","active":"1","cats":"6#8#15","rating":"1371","seasons":"5"},{"id":"339","title":"Fallen","poster":"http:\/\/trendico.ru\/upload\/moviebox\/1368040070.jpg","active":"1","cats":"1#2#8","rating":"67","seasons":"1"},{"id":"340","title":"How to Make It in America","poster":"http:\/\/trendico.ru\/upload\/moviebox\/1368277193.jpg","active":"1","cats":"5#8","rating":"36","seasons":"2"},{"id":"341","title":"My Mad Fat Diary","poster":"http:\/\/trendico.ru\/upload\/moviebox\/1368278251.jpg","active":"1","cats":"5#8","rating":"23","seasons":"1"},{"id":"342","title":"Teen Titans Go!","poster":"http:\/\/trendico.ru\/upload\/moviebox\/1368299464.jpg","active":"1","cats":"3","rating":"2205","seasons":"1"},{"id":"343","title":"Inu x Boku SS","poster":"http:\/\/trendico.ru\/upload\/moviebox\/1368443546.jpg","active":"1","cats":"3#23","rating":"77","seasons":"1"},{"id":"344","title":"Transformers Prime","poster":"http:\/\/trendico.ru\/upload\/moviebox\/1368551610.jpg","active":"1","cats":"1#2#3","rating":"160","seasons":"3"},{"id":"345","title":"MASH","poster":"http:\/\/trendico.ru\/upload\/moviebox\/1368644318.jpg","active":"1","cats":"5#8#20","rating":"112","seasons":"11"},{"id":"346","title":"Geordie Shore","poster":"http:\/\/trendico.ru\/upload\/moviebox\/1368922743.jpg","active":"1","cats":"24","rating":"0","seasons":"7"},{"id":"347","title":"Legend of the Seeker","poster":"http:\/\/trendico.ru\/upload\/moviebox\/1369162905.jpg","active":"1","cats":"1#2#8","rating":"95","seasons":"2"},{"id":"348","title":"Secret Diary of a Call Girl","poster":"http:\/\/trendico.ru\/upload\/moviebox\/1369329924.jpg","active":"1","cats":"8","rating":"209","seasons":"4"},{"id":"349","title":"Life on Mars","poster":"http:\/\/trendico.ru\/upload\/moviebox\/1369750239.jpg","active":"1","cats":"6#8#15","rating":"16","seasons":"2"},{"id":"350","title":"The Killing","poster":"http:\/\/trendico.ru\/upload\/moviebox\/1369862385.jpg","active":"1","cats":"6#8#15","rating":"108","seasons":"3"},{"id":"351","title":"The Goodwin Games","poster":"http:\/\/trendico.ru\/upload\/moviebox\/1370377372.jpg","active":"1","cats":"5","rating":"7","seasons":"1"},{"id":"352","title":"Eastbound And Down","poster":"http:\/\/trendico.ru\/upload\/moviebox\/1370882018.jpg","active":"1","cats":"5","rating":"2341","seasons":"4"},{"id":"353","title":"Switched at Birth","poster":"http:\/\/trendico.ru\/upload\/moviebox\/1370882622.jpg","active":"1","cats":"8#9","rating":"310","seasons":"2"},{"id":"354","title":"Monday Mornings","poster":"http:\/\/trendico.ru\/upload\/moviebox\/1370892620.jpg","active":"1","cats":"8","rating":"13","seasons":"1"},{"id":"355","title":"A Young Doctors Notebook","poster":"http:\/\/trendico.ru\/upload\/moviebox\/1370956905.jpg","active":"1","cats":"5#8","rating":"18","seasons":"1"},{"id":"356","title":"Graceland","poster":"http:\/\/trendico.ru\/upload\/moviebox\/1371292227.jpg","active":"1","cats":"1#6#8","rating":"48","seasons":"1"},{"id":"357","title":"Louie","poster":"http:\/\/trendico.ru\/upload\/moviebox\/1371292431.jpg","active":"1","cats":"5#8","rating":"54","seasons":"3"},{"id":"358","title":"The Hero","poster":"http:\/\/trendico.ru\/upload\/moviebox\/1371334766.jpg","active":"1","cats":"24","rating":"65","seasons":"1"},{"id":"359","title":"iCarly","poster":"http:\/\/trendico.ru\/upload\/moviebox\/1371573036.jpg","active":"1","cats":"5#9","rating":"1212","seasons":"6"},{"id":"360","title":"Vicious","poster":"http:\/\/trendico.ru\/upload\/moviebox\/1371574715.jpg","active":"1","cats":"5","rating":"10","seasons":"1"},{"id":"361","title":"Southland","poster":"http:\/\/trendico.ru\/upload\/moviebox\/1371970169.jpg","active":"1","cats":"6#8#19","rating":"86","seasons":"5"},{"id":"362","title":"Ray Donovan","poster":"http:\/\/trendico.ru\/upload\/moviebox\/1372097395.jpg","active":"1","cats":"8","rating":"231","seasons":"1"},{"id":"363","title":"Zero Hour","poster":"http:\/\/trendico.ru\/upload\/moviebox\/1372351065.jpg","active":"1","cats":"8#10","rating":"35","seasons":"1"},{"id":"364","title":"Victorious","poster":"http:\/\/trendico.ru\/upload\/moviebox\/1372366547.jpg","active":"1","cats":"5#8#9","rating":"1229","seasons":"4"},{"id":"365","title":"One Tree Hill","poster":"http:\/\/trendico.ru\/upload\/moviebox\/1372351455.jpg","active":"1","cats":"8#18","rating":"487","seasons":"9"},{"id":"366","title":"Sam and Cat","poster":"http:\/\/trendico.ru\/upload\/moviebox\/1372409303.jpg","active":"1","cats":"5#9","rating":"4667","seasons":"1"},{"id":"367","title":"Under the Dome","poster":"http:\/\/trendico.ru\/upload\/moviebox\/1372409516.jpg","active":"1","cats":"13#17","rating":"533","seasons":"1"},{"id":"368","title":"Devious Maids","poster":"http:\/\/trendico.ru\/upload\/moviebox\/1372623787.jpg","active":"1","cats":"5#8","rating":"288","seasons":"1"},{"id":"369","title":"Mad Dogs","poster":"http:\/\/trendico.ru\/upload\/moviebox\/1372702056.jpg","active":"1","cats":"5#6#8#19","rating":"17","seasons":"3"},{"id":"370","title":"Crossing Lines","poster":"http:\/\/trendico.ru\/upload\/moviebox\/1372702400.jpg","active":"1","cats":"1#6#8","rating":"44","seasons":"1"},{"id":"371","title":"The White Queen","poster":"http:\/\/trendico.ru\/upload\/moviebox\/1372702561.jpg","active":"1","cats":"8","rating":"164","seasons":"1"},{"id":"372","title":"Big Time Rush","poster":"http:\/\/trendico.ru\/upload\/moviebox\/1372963066.jpg","active":"1","cats":"5#14","rating":"364","seasons":"4"},{"id":"373","title":"Siberia","poster":"http:\/\/trendico.ru\/upload\/moviebox\/1372966930.jpg","active":"1","cats":"24","rating":"26","seasons":"1"},{"id":"374","title":"Angel Beats!","poster":"http:\/\/trendico.ru\/upload\/moviebox\/1373481346.jpg","active":"1","cats":"1#3#23#17","rating":"78","seasons":"1"},{"id":"375","title":"The Bridge","poster":"http:\/\/trendico.ru\/upload\/moviebox\/1373708527.jpg","active":"1","cats":"6#8#15","rating":"89","seasons":"1"},{"id":"376","title":"Strike Back","poster":"http:\/\/trendico.ru\/upload\/moviebox\/1373712276.jpg","active":"1","cats":"1#8#19","rating":"588","seasons":"4"},{"id":"377","title":"NCIS: Naval Criminal Investigative Service","poster":"http:\/\/trendico.ru\/upload\/moviebox\/1373728987.jpg","active":"1","cats":"1#5#6","rating":"1453","seasons":"11"},{"id":"378","title":"Orange Is the New Black","poster":"http:\/\/trendico.ru\/upload\/moviebox\/1373793127.jpg","active":"1","cats":"8","rating":"586","seasons":"1"},{"id":"379","title":"Mr And Mrs Murder","poster":"http:\/\/trendico.ru\/upload\/moviebox\/1373836968.jpg","active":"1","cats":"5","rating":"8","seasons":"1"},{"id":"380","title":"Mr Selfridge","poster":"http:\/\/trendico.ru\/upload\/moviebox\/1373837379.jpg","active":"1","cats":"8","rating":"20","seasons":"1"},{"id":"381","title":"Mistresses","poster":"http:\/\/trendico.ru\/upload\/moviebox\/1373841036.jpg","active":"1","cats":"8#19","rating":"182","seasons":"1"},{"id":"382","title":"Angry Birds Toons","poster":"http:\/\/trendico.ru\/upload\/moviebox\/1373929360.jpg","active":"1","cats":"1#2#3","rating":"774","seasons":"1"},{"id":"383","title":"Rectify","poster":"http:\/\/trendico.ru\/upload\/moviebox\/1374527317.jpg","active":"1","cats":"8","rating":"4","seasons":"1"},{"id":"384","title":"Do No Harm","poster":"http:\/\/trendico.ru\/upload\/moviebox\/1374527528.jpg","active":"1","cats":"8","rating":"22","seasons":"1"},{"id":"385","title":"Falcon","poster":"http:\/\/trendico.ru\/upload\/moviebox\/1374658100.jpg","active":"1","cats":"6#8","rating":"12","seasons":"1"},{"id":"386","title":"Soul Eater","poster":"http:\/\/trendico.ru\/upload\/moviebox\/1374689645.jpg","active":"1","cats":"1#2#3#23","rating":"210","seasons":"1"},{"id":"387","title":"\u0414\u0438\u043c\u0430 \u0411\u0438\u043b\u0430\u043d","poster":"http:\/\/trendico.ru\/upload\/moviebox\/.jpg","active":"0","cats":"","rating":"0","seasons":"1"},{"id":"388","title":"\u0412\u0430\u043b\u0435\u0440\u0438\u0439 \u041c\u0435\u043b\u0430\u0434\u0437\u0435","poster":"http:\/\/trendico.ru\/upload\/moviebox\/.jpg","active":"0","cats":"","rating":"0","seasons":"1"},{"id":"389","title":"\u0410\u043b\u0441\u0443","poster":"http:\/\/trendico.ru\/upload\/moviebox\/.jpg","active":"0","cats":"","rating":"0","seasons":"1"},{"id":"390","title":"Despicable Me Presents: Minion Madness","poster":"http:\/\/trendico.ru\/upload\/moviebox\/1375009969.jpg","active":"1","cats":"2#3","rating":"3416","seasons":"1"},{"id":"391","title":"\u0412\u0438\u0430 \u0413\u0440\u0430","poster":"http:\/\/trendico.ru\/upload\/moviebox\/.jpg","active":"0","cats":"","rating":"0","seasons":"1"},{"id":"392","title":"Avengers Assemble","poster":"http:\/\/trendico.ru\/upload\/moviebox\/1375050655.jpg","active":"1","cats":"1#2#3","rating":"340","seasons":"1"},{"id":"393","title":"\u0424\u0438\u043b\u0438\u043f\u043f \u041a\u0438\u0440\u043a\u043e\u0440\u043e\u0432","poster":"http:\/\/trendico.ru\/upload\/moviebox\/.jpg","active":"0","cats":"","rating":"0","seasons":"1"},{"id":"394","title":"\u0422\u0438\u043c\u0430\u0442\u0438","poster":"http:\/\/trendico.ru\/upload\/moviebox\/.jpg","active":"0","cats":"","rating":"0","seasons":"1"},{"id":"395","title":"\u0413\u0440\u0438\u0433\u043e\u0440\u0438\u0439 \u041b\u0435\u043f\u0441","poster":"http:\/\/trendico.ru\/upload\/moviebox\/.jpg","active":"0","cats":"","rating":"0","seasons":"1"},{"id":"396","title":"Camp","poster":"http:\/\/trendico.ru\/upload\/moviebox\/1375084350.jpg","active":"1","cats":"5#8","rating":"41","seasons":"1"},{"id":"397","title":"NCIS Los Angeles","poster":"http:\/\/trendico.ru\/upload\/moviebox\/1375125994.jpg","active":"1","cats":"6#8#15","rating":"1003","seasons":"5"},{"id":"398","title":"Breakout Kings","poster":"http:\/\/trendico.ru\/upload\/moviebox\/1375168899.jpg","active":"1","cats":"6#8#19","rating":"58","seasons":"2"},{"id":"399","title":"The O.C.","poster":"http:\/\/trendico.ru\/upload\/moviebox\/1375637909.jpg","active":"1","cats":"5#8#16","rating":"297","seasons":"4"},{"id":"400","title":"Zoids Chaotic Century","poster":"http:\/\/trendico.ru\/upload\/moviebox\/1375730432.jpg","active":"1","cats":"1#2#3#23","rating":"45","seasons":"2"},{"id":"401","title":"Axe Cop","poster":"http:\/\/trendico.ru\/upload\/moviebox\/1375731648.jpg","active":"1","cats":"1#3","rating":"468","seasons":"1"},{"id":"402","title":"Melissa and Joey","poster":"http:\/\/trendico.ru\/upload\/moviebox\/1375961770.jpg","active":"1","cats":"5","rating":"171","seasons":"3"},{"id":"403","title":"Claymore (Kureimoa)","poster":"http:\/\/trendico.ru\/upload\/moviebox\/1376012323.jpg","active":"1","cats":"1#2#3","rating":"75","seasons":"1"},{"id":"404","title":"Low Winter Sun","poster":"http:\/\/trendico.ru\/upload\/moviebox\/1376456037.jpg","active":"1","cats":"6#8","rating":"59","seasons":"1"},{"id":"405","title":" Jo","poster":"http:\/\/trendico.ru\/upload\/moviebox\/1377136392.jpg","active":"1","cats":"6","rating":"16","seasons":"1"},{"id":"406","title":"One Piece","poster":"http:\/\/trendico.ru\/upload\/moviebox\/1377320295.jpg","active":"0","cats":"1#2#3#23","rating":"0","seasons":"1"},{"id":"407","title":"Royal Pains","poster":"http:\/\/trendico.ru\/upload\/moviebox\/1377588814.jpg","active":"1","cats":"5#8","rating":"205","seasons":"5"},{"id":"408","title":"One Piece","poster":"http:\/\/trendico.ru\/upload\/moviebox\/1378103763.jpg","active":"1","cats":"1#2#3#23","rating":"2763","seasons":"16"},{"id":"409","title":"Beware the Batman","poster":"http:\/\/trendico.ru\/upload\/moviebox\/1378327718.jpg","active":"1","cats":"1#3","rating":"151","seasons":"1"},{"id":"410","title":"Kyle XY","poster":"http:\/\/trendico.ru\/upload\/moviebox\/1378413234.jpg","active":"1","cats":"8#15#17","rating":"183","seasons":"3"},{"id":"411","title":"Batman The Brave and the Bold","poster":"http:\/\/trendico.ru\/upload\/moviebox\/1378495362.jpg","active":"1","cats":"1#2#3#6","rating":"174","seasons":"3"},{"id":"412","title":"Blood Lad","poster":"http:\/\/trendico.ru\/upload\/moviebox\/1378545717.jpg","active":"1","cats":"3#23#15","rating":"140","seasons":"1"},{"id":"413","title":"The Fosters","poster":"http:\/\/trendico.ru\/upload\/moviebox\/1378550987.jpg","active":"1","cats":"8","rating":"79","seasons":"1"},{"id":"414","title":"Wacky Races","poster":"http:\/\/trendico.ru\/upload\/moviebox\/1378748735.jpg","active":"1","cats":"2#3#9#18","rating":"60","seasons":"1"},{"id":"415","title":"King of the Hill","poster":"http:\/\/trendico.ru\/upload\/moviebox\/1378749541.jpg","active":"1","cats":"3#5#8","rating":"279","seasons":"13"},{"id":"416","title":"Attack on Titan","poster":"http:\/\/trendico.ru\/upload\/moviebox\/1378795733.jpg","active":"1","cats":"1#2#3#23","rating":"686","seasons":"1"},{"id":"417","title":"Dog and Scissors","poster":"http:\/\/trendico.ru\/upload\/moviebox\/1379229167.jpg","active":"1","cats":"3#23","rating":"48","seasons":"1"},{"id":"418","title":"Rookie Blue","poster":"http:\/\/trendico.ru\/upload\/moviebox\/1379230938.jpg","active":"1","cats":"6#8","rating":"146","seasons":"4"},{"id":"419","title":"Ultimate Spider-Man","poster":"http:\/\/trendico.ru\/upload\/moviebox\/1379271705.jpg","active":"1","cats":"1#2#3","rating":"2500","seasons":"2"},{"id":"420","title":"Danganronpa - The animation","poster":"http:\/\/trendico.ru\/upload\/moviebox\/1379357889.jpg","active":"1","cats":"1#3#23#6#15","rating":"76","seasons":"1"},{"id":"421","title":"Masters of Sex","poster":"http:\/\/trendico.ru\/upload\/moviebox\/1379407187.jpg","active":"1","cats":"8","rating":"2066","seasons":"1"},{"id":"422","title":"Sleepy Hollow","poster":"http:\/\/trendico.ru\/upload\/moviebox\/1379407784.jpg","active":"1","cats":"17#19","rating":"2568","seasons":"1"},{"id":"423","title":"Bleach","poster":"http:\/\/trendico.ru\/upload\/moviebox\/1379491303.jpg","active":"1","cats":"1#2#3#23","rating":"704","seasons":"16"},{"id":"424","title":"Brooklyn Nine Nine","poster":"http:\/\/trendico.ru\/upload\/moviebox\/1379536554.jpg","active":"1","cats":"5","rating":"2191","seasons":"1"},{"id":"425","title":"The Event","poster":"http:\/\/trendico.ru\/upload\/moviebox\/1379546787.jpg","active":"1","cats":"6#8#15","rating":"59","seasons":"1"},{"id":"426","title":"Unforgettable","poster":"http:\/\/trendico.ru\/upload\/moviebox\/1379571551.jpg","active":"1","cats":"6#8","rating":"135","seasons":"2"},{"id":"427","title":"Peaky Blinders","poster":"http:\/\/trendico.ru\/upload\/moviebox\/1379596372.jpg","active":"1","cats":"6#8","rating":"79","seasons":"1"},{"id":"428","title":"Twisted","poster":"http:\/\/trendico.ru\/upload\/moviebox\/1379790714.jpg","active":"1","cats":"8#15#19","rating":"63","seasons":"1"},{"id":"429","title":"Hulk and the Agents of  S.M.A.S.H","poster":"http:\/\/trendico.ru\/upload\/moviebox\/1379843414.jpg","active":"1","cats":"1#2#3","rating":"1109","seasons":"1"},{"id":"430","title":"Hostages","poster":"http:\/\/trendico.ru\/upload\/moviebox\/1380055545.jpg","active":"1","cats":"8#19","rating":"1452","seasons":"1"},{"id":"431","title":"The Blacklist","poster":"http:\/\/trendico.ru\/upload\/moviebox\/1380055681.jpg","active":"1","cats":"6#8","rating":"4323","seasons":"1"},{"id":"432","title":"Agents of SHIELD","poster":"http:\/\/trendico.ru\/upload\/moviebox\/1380111092.jpg","active":"1","cats":"1#8#17","rating":"6787","seasons":"1"},{"id":"433","title":"Buffy the Vampire Slayer","poster":"http:\/\/trendico.ru\/upload\/moviebox\/1380119395.jpg","active":"1","cats":"1#8#10","rating":"150","seasons":"7"},{"id":"434","title":"Blue Exorcist","poster":"http:\/\/trendico.ru\/upload\/moviebox\/1380234065.jpg","active":"1","cats":"1#2#3#23#8","rating":"231","seasons":"1"},{"id":"435","title":"Fairy Tail","poster":"http:\/\/trendico.ru\/upload\/moviebox\/1380471100.jpg","active":"1","cats":"1#2#3#23","rating":"1022","seasons":"9"},{"id":"436","title":"Atlantis","poster":"http:\/\/trendico.ru\/upload\/moviebox\/1380478317.jpg","active":"1","cats":"2#8#10","rating":"1106","seasons":"1"},{"id":"437","title":"By Any Means","poster":"http:\/\/trendico.ru\/upload\/moviebox\/1380563962.jpg","active":"1","cats":"8","rating":"91","seasons":"1"},{"id":"438","title":"Dads","poster":"http:\/\/trendico.ru\/upload\/moviebox\/1380574017.jpg","active":"1","cats":"5","rating":"1411","seasons":"1"},{"id":"439","title":"We Are Men","poster":"http:\/\/trendico.ru\/upload\/moviebox\/1380691359.jpg","active":"1","cats":"5","rating":"34","seasons":"1"},{"id":"440","title":"Mom","poster":"http:\/\/trendico.ru\/upload\/moviebox\/1380691432.jpg","active":"1","cats":"5","rating":"1328","seasons":"1"},{"id":"441","title":"Star Trek","poster":"http:\/\/trendico.ru\/upload\/moviebox\/1380745388.jpg","active":"1","cats":"1#2#17","rating":"154","seasons":"3"},{"id":"442","title":"The Originals","poster":"http:\/\/trendico.ru\/upload\/moviebox\/1380807849.jpg","active":"1","cats":"","rating":"4287","seasons":"1"},{"id":"443","title":"Uchouten Kazoku","poster":"http:\/\/trendico.ru\/upload\/moviebox\/1380811759.jpg","active":"1","cats":"2#3#23#10","rating":"33","seasons":"1"},{"id":"444","title":"The Michael J Fox Show","poster":"http:\/\/trendico.ru\/upload\/moviebox\/1380828390.jpg","active":"1","cats":"5","rating":"491","seasons":"1"},{"id":"445","title":"The Crazy Ones","poster":"http:\/\/trendico.ru\/upload\/moviebox\/1380963184.jpg","active":"1","cats":"5","rating":"910","seasons":"1"},{"id":"446","title":"Traffic Light","poster":"http:\/\/trendico.ru\/upload\/moviebox\/1380963421.jpg","active":"1","cats":"5","rating":"42","seasons":"1"},{"id":"447","title":"Doc McStuffins","poster":"http:\/\/trendico.ru\/upload\/moviebox\/1380963949.jpg","active":"1","cats":"3","rating":"1107","seasons":"1"},{"id":"448","title":"Kill La Kill","poster":"http:\/\/trendico.ru\/upload\/moviebox\/1381058124.jpg","active":"1","cats":"1#3#23","rating":"703","seasons":"1"},{"id":"449","title":"Witches of East End","poster":"http:\/\/trendico.ru\/upload\/moviebox\/1381175896.jpg","active":"1","cats":"8","rating":"3054","seasons":"1"},{"id":"450","title":"Hello Ladies","poster":"http:\/\/trendico.ru\/upload\/moviebox\/1381177016.jpg","active":"1","cats":"5","rating":"1051","seasons":"1"},{"id":"451","title":"The Tomorrow People","poster":"http:\/\/trendico.ru\/upload\/moviebox\/1381414516.jpg","active":"1","cats":"8#17","rating":"3509","seasons":"1"},{"id":"452","title":"Once Upon a Time in Wonderland","poster":"http:\/\/trendico.ru\/upload\/moviebox\/1381605451.jpg","active":"1","cats":"2#8#10","rating":"792","seasons":"1"},{"id":"453","title":"The Millers","poster":"http:\/\/trendico.ru\/upload\/moviebox\/1381616849.jpg","active":"1","cats":"5","rating":"867","seasons":"1"},{"id":"454","title":"Back in the Game","poster":"http:\/\/trendico.ru\/upload\/moviebox\/1381768932.jpg","active":"1","cats":"5","rating":"177","seasons":"1"},{"id":"455","title":"Shaman King","poster":"http:\/\/trendico.ru\/upload\/moviebox\/1381769791.jpg","active":"1","cats":"1#2#3#23","rating":"178","seasons":"1"},{"id":"456","title":"Psycho-Pass","poster":"http:\/\/trendico.ru\/upload\/moviebox\/1381772377.jpg","active":"1","cats":"1#3#23#6","rating":"105","seasons":"1"},{"id":"457","title":"Reign","poster":"http:\/\/trendico.ru\/upload\/moviebox\/1382265245.jpg","active":"1","cats":"8#10","rating":"1418","seasons":"1"},{"id":"458","title":"Hotel Hell","poster":"http:\/\/trendico.ru\/upload\/moviebox\/1382341566.jpg","active":"1","cats":"24","rating":"211","seasons":"1"},{"id":"459","title":"The F Word","poster":"http:\/\/trendico.ru\/upload\/moviebox\/1382422789.jpg","active":"1","cats":"7#24","rating":"371","seasons":"5"},{"id":"460","title":"Ravenswood","poster":"http:\/\/trendico.ru\/upload\/moviebox\/1382561788.jpg","active":"1","cats":"8","rating":"2357","seasons":"1"},{"id":"461","title":"Dracula","poster":"http:\/\/trendico.ru\/upload\/moviebox\/1382871179.jpg","active":"1","cats":"8#13","rating":"2560","seasons":"1"},{"id":"462","title":"The Goldbergs","poster":"http:\/\/trendico.ru\/upload\/moviebox\/1382949228.jpg","active":"1","cats":"5","rating":"811","seasons":"1"},{"id":"463","title":"Monsters vs Aliens","poster":"http:\/\/trendico.ru\/upload\/moviebox\/1382988103.jpg","active":"1","cats":"1#3#5#9#17","rating":"1236","seasons":"1"},{"id":"464","title":"Dynamo Magician Impossible","poster":"http:\/\/trendico.ru\/upload\/moviebox\/1383408378.jpg","active":"1","cats":"7","rating":"2796","seasons":"3"},{"id":"465","title":"Ripper Street","poster":"http:\/\/trendico.ru\/upload\/moviebox\/1383413118.jpg","active":"1","cats":"6#15","rating":"718","seasons":"2"}]