[{"date":"2013-06-09","id":2660,"text":"- Added new movie."},{"date":"2013-06-09","id":2659,"text":"- Added new movie."},{"date":"2013-06-09","id":2658,"text":"- Added new movie."},{"date":"2013-06-09","id":2657,"text":"- Added new movie."},{"date":"2013-06-09","id":2656,"text":"- Added new movie."},{"date":"2013-06-05","id":1659,"text":"- Updated \"En\"-version of movie"},{"date":"2013-06-05","id":2655,"text":"- Added new movie."},{"date":"2013-06-04","id":2601,"text":"- Updated \"En\"-version of movie"},{"date":"2013-06-02","id":2654,"text":"- Added new movie."},{"date":"2013-06-02","id":2653,"text":"- Added new movie."},{"date":"2013-06-02","id":2650,"text":"- Updated \"En\"-version of movie"},{"date":"2013-06-02","id":2652,"text":"- Added new movie."}]