[{"date":"2013-06-09","id":344,"text":"- New episodes in \"En\"-version"},{"date":"2013-06-08","id":243,"text":"- New episodes in \"En\"-version"},{"date":"2013-06-08","id":320,"text":"- New episodes in \"En\"-version"},{"date":"2013-06-08","id":310,"text":"- New episodes in \"En\"-version"},{"date":"2013-06-07","id":213,"text":"- New episodes in \"En\"-version"},{"date":"2013-06-07","id":97,"text":"- New episodes in \"En\"-version"},{"date":"2013-06-07","id":309,"text":"- New episodes in \"En\"-version"},{"date":"2013-06-07","id":62,"text":"- New episodes in \"En\"-version"},{"date":"2013-06-06","id":342,"text":"- New episodes in \"En\"-version"},{"date":"2013-06-06","id":285,"text":"- New episodes in \"En\"-version"},{"date":"2013-06-05","id":103,"text":"- New episodes in \"En\"-version"},{"date":"2013-06-05","id":351,"text":"- New episodes in \"En\"-version\n- Added new TV-show."},{"date":"2013-06-04","id":189,"text":"- New episodes in \"En\"-version"},{"date":"2013-06-04","id":306,"text":"- New episodes in \"En\"-version"},{"date":"2013-06-04","id":142,"text":"- New episodes in \"En\"-version"},{"date":"2013-06-04","id":232,"text":"- New episodes in \"En\"-version"},{"date":"2013-06-04","id":107,"text":"- New episodes in \"En\"-version"},{"date":"2013-06-04","id":62,"text":"- New episodes in \"En\"-version"},{"date":"2013-06-04","id":324,"text":"- New episodes in \"En\"-version"},{"date":"2013-06-04","id":279,"text":"- New episodes in \"En\"-version"},{"date":"2013-06-03","id":210,"text":"- New episodes in \"En\"-version"},{"date":"2013-06-03","id":98,"text":"- New episodes in \"En\"-version"},{"date":"2013-06-03","id":157,"text":"- New episodes in \"En\"-version"},{"date":"2013-06-03","id":308,"text":"- New episodes in \"En\"-version"},{"date":"2013-06-03","id":23,"text":"- New episodes in \"En\"-version"},{"date":"2013-06-03","id":94,"text":"- New episodes in \"En\"-version"},{"date":"2013-06-03","id":350,"text":"- New episodes in \"En\"-version"},{"date":"2013-06-03","id":21,"text":"- New episodes in \"En\"-version"}]